-- MySQL dump 10.13  Distrib 5.7.19, for Linux (x86_64)
--
-- Host: localhost    Database: ict_studentdb
-- ------------------------------------------------------
-- Server version	5.7.19-0ubuntu0.16.04.1

/*!40101 SET @OLD_CHARACTER_SET_CLIENT=@@CHARACTER_SET_CLIENT */;
/*!40101 SET @OLD_CHARACTER_SET_RESULTS=@@CHARACTER_SET_RESULTS */;
/*!40101 SET @OLD_COLLATION_CONNECTION=@@COLLATION_CONNECTION */;
/*!40101 SET NAMES utf8 */;
/*!40103 SET @OLD_TIME_ZONE=@@TIME_ZONE */;
/*!40103 SET TIME_ZONE='+00:00' */;
/*!40014 SET @OLD_UNIQUE_CHECKS=@@UNIQUE_CHECKS, UNIQUE_CHECKS=0 */;
/*!40014 SET @OLD_FOREIGN_KEY_CHECKS=@@FOREIGN_KEY_CHECKS, FOREIGN_KEY_CHECKS=0 */;
/*!40101 SET @OLD_SQL_MODE=@@SQL_MODE, SQL_MODE='NO_AUTO_VALUE_ON_ZERO' */;
/*!40111 SET @OLD_SQL_NOTES=@@SQL_NOTES, SQL_NOTES=0 */;

--
-- Table structure for table `contact_details`
--

DROP TABLE IF EXISTS `contact_details`;
/*!40101 SET @saved_cs_client     = @@character_set_client */;
/*!40101 SET character_set_client = utf8 */;
CREATE TABLE `contact_details` (
  `student_id` int(11) DEFAULT NULL,
  `contact` varchar(30) DEFAULT NULL,
  `id` int(11) NOT NULL AUTO_INCREMENT,
  PRIMARY KEY (`id`),
  KEY `par_ind` (`student_id`),
  CONSTRAINT `contact_detail_student_id_25db0a0cd4b94d21_fk_student_student_id` FOREIGN KEY (`student_id`) REFERENCES `student` (`student_id`)
) ENGINE=InnoDB AUTO_INCREMENT=371 DEFAULT CHARSET=latin1;
/*!40101 SET character_set_client = @saved_cs_client */;

--
-- Dumping data for table `contact_details`
--

LOCK TABLES `contact_details` WRITE;
/*!40000 ALTER TABLE `contact_details` DISABLE KEYS */;
INSERT INTO `contact_details` VALUES (1,'063 204 4801',1),(1,'071 780 4408',2),(2,'071 946 3576',3),(3,'073 912 6133',4),(4,'061 949 2617',5),(5,'073 527 4914',6),(6,'079 941 1345',7),(6,'084 058 9667',8),(7,'078 832 4571',9),(8,'062 821 3528',10),(8,'063 184 0354',11),(9,'073 801 3396',12),(10,'081 418 6777',13),(11,'063 880 1782',14),(12,'074 067 2071',15),(13,'071 415 7940',16),(14,'081 813 0058',17),(14,'074 934 5237',18),(15,'083 662 3639',19),(16,'082 462 7628',20),(17,'083 249 1197',21),(18,'071 859 1954',22),(19,'063 262 6885',23),(20,'076 373 8823',24),(21,'078-299-9642',25),(22,'073-998-4283',26),(23,'071-416-5759',27),(24,'061-106-7320',28),(25,'079-159-3803',29),(26,'060-321-0095',30),(27,'061-615-1040',31),(28,'074-733-4102',32),(29,'078-145-0563',33),(30,'079-517-2510',34),(31,'076-638-9212',35),(32,'073-127-5484',36),(33,'073-709-9376',37),(34,'079-711-1093',38),(54,'076-264-9535',39),(53,'076-491-4195',40),(35,'079-598-3489',41),(55,'071-644-9796',42),(36,'063-780-0584',43),(37,'073-312-8442',44),(38,'073-173-1455',45),(39,'072-549-0960',46),(40,'062-822-4585',47),(41,'073-243-3000',48),(41,'081 453 9178',49),(44,'063-363-9568',50),(45,'062-336-7968',51),(45,' 083 978 4921',52),(46,'060-442-1518',53),(47,'074-369-9802',54),(48,'078-504-0615',55),(49,'073-499-5702',56),(50,'084-609-2641',57),(51,'073-463-0031',58),(42,'079-837-1063',59),(52,'079-952-5879',60),(43,'062-255-9808',61),(76,' 060 6296 061',62),(77,'084 836 1750',63),(56,'076 197 6078',64),(57,'078 148 0496',65),(58,'073 416 9327',66),(59,'083 363 9733',67),(60,'071 927 1537',68),(61,'084 457 1459',69),(62,'083 337 3994',70),(63,'074 283 0418',71),(64,'078 165 4105',72),(66,'078 362 4729',73),(67,'076 187 7125',74),(68,'060 448 1684',75),(69,'073 189 8406',76),(70,'084 220 6463',77),(71,'076 715 1746',78),(72,'073 414 1145',79),(73,'073 202 4278',80),(74,'076 501 4540',81),(65,'084 770 1450',82),(76,'081 400 1568 ',83),(75,'084 482 6720',84),(94,'074-648-5968',85),(78,'072-629-7616',86),(79,'073-613-4106',87),(80,'063-165-9108',88),(85,'072-062-3475',89),(86,'074-573-8666',90),(87,'078-830-7847',91),(88,'078-254-3501',92),(89,'060-304-9046',93),(90,'076-020-3197',94),(91,'084-731-5640',95),(91,'061 399 5878',96),(92,'063-280-4246',97),(93,'062-443-2160',98),(106,'073-423-1047',99),(107,'084-846-5096',100),(95,'061-919-7664',101),(98,'073-551-9095',102),(99,'078-865-5825',103),(100,'078-852-5692',104),(101,'071-625-2105',105),(102,'073-183-3654',106),(102,'078 023 1286',107),(103,'082-968-4003',108),(103,'082 608 1315',109),(104,'083-995-0806',110),(105,'078-464-1604',111),(119,'072-167-5282',112),(120,'071-952-8887',113),(121,'084-852-8942',114),(122,'064 754 4195',115),(108,'084-875-0392',116),(109,'074-863-7664',117),(110,'063-384-3709',118),(111,'073-501-0815',119),(112,'078-974-5613 ',120),(113,'073-628-4796',121),(113,'736634810',122),(114,'078-683-7877',123),(114,'072 308 0099',124),(115,'073-383-5277',125),(115,'073 437 2640',126),(116,'073-856-5958',127),(117,'082-074-4702',128),(118,'078-501-9662',129),(118,'073 706 3229',130),(135,'071-058-0880',131),(136,'078 616 7586 ',132),(123,'072 747 6236 - wrong number ',133),(124,'060-409-6476 ',134),(124,'062 853 2942',135),(125,'072-506-2231 ',136),(127,'078-592-5548 ',137),(127,'064 221 1985',138),(128,'081-009-2349',139),(128,'079 964 1854',140),(129,'061-770-7602',141),(130,'079-046-6793',142),(131,'083-317-0334',143),(132,'073-857-0218',144),(133,'071-028-1097',145),(134,'078-765-8628',146),(151,'073 252 8170',147),(152,'078-018-6008',148),(152,'060 442 3207',149),(137,'073-475-2191',150),(138,'079-326-9843',151),(139,'078-177-6720',152),(143,'078-436-9938',153),(144,'073-203-9668',154),(145,'063-066-6415',155),(146,'064-152-4136',156),(146,'064 169 4419',157),(147,'073-150-7023',158),(148,'074-834-1996',159),(149,'078-721-0695',160),(150,'084-318-8844',161),(151,'074-500-2632',162),(167,'081-072-1027',163),(168,'062-618-8127',164),(153,'078-601-4807',165),(154,'076-855-6177',166),(155,'076-016-9552',167),(156,'063-354-2781',168),(157,'060-793-4867',169),(159,'073-778-9731',170),(160,'071-048-8121',171),(160,'078 362 4729',172),(161,'083-470-4591',173),(162,'078-118-2307',174),(162,'082-352-9726',175),(163,'061-242-6152',176),(164,'078-987-9841',177),(165,'062-709-7006',178),(166,'073-865-1336',179),(169,'072-508-8303',180),(170,'071-099-0315',181),(171,'073-058-9851',182),(172,'072-576-5751',183),(174,'071-834-7244',184),(175,'079-186-4864',185),(176,'073-413-6124',186),(188,'073-466-3303 - sms ',187),(177,'083-568-9684',188),(179,'079-552-0961',189),(178,'073-110-0912',190),(180,'078-390-4250',191),(181,'074-248-7954',192),(182,'078-054-9811',193),(183,'073-695-7463',194),(183,'062 990 8408',195),(184,'073-350-4597 - sms ',196),(185,'076-731-9174 ',197),(186,'061-148-6016',198),(187,'071 413 5573',199),(200,'082-547-1977',200),(190,'060-329-3740',201),(190,'073 879 2717',202),(192,'084-404-1316',203),(193,'060-343-0472',204),(194,'073-540-8167',205),(195,'074-575-4935',206),(196,'083-360-2244',207),(197,'083-923-1542',208),(198,'084-349-3936',209),(199,'078-518-0353',210),(217,'073-692-7426',211),(201,'072-343-5343',212),(202,'071-824-8778',213),(203,'078-996-0470 - sms',214),(204,'063 517 4038',215),(205,'078-792-9530',216),(206,'063-517-4038',217),(208,'073-878-3901',218),(209,'078-282-7495',219),(210,'073-591-4387',220),(211,'078-785-2127',221),(211,'073 234 4619',222),(212,'072-361-7033',223),(213,'060-921-2547',224),(214,'073-212-6071',225),(215,'083-723-3555',226),(216,'078-856-5965',227),(218,'083-526-4219 - wrong numbers ',228),(219,'073-382-0185',229),(220,'078- 407-5305 - wrong numbers ',230),(231,'073-352-6798',231),(221,'073-740-5284',232),(222,'083-745-0036',233),(223,'078-141-4498',234),(224,'073-041-2718',235),(225,'083-727-2442',236),(226,'073-253-1645 - wrong number ',237),(227,'073-534-2760 - wrong numbers ',238),(228,'730998225',239),(229,'073-546-3062',240),(230,'083-515-2718 ',241),(233,'071-771-6177',242),(234,'071-086-5892',243),(235,'076-553-0533 - sms ',244),(236,'081-808-1779',245),(237,'079-778-3092 ',246),(238,'074-868-0664',247),(239,'079-903-3456',248),(240,'073-330-0758',249),(241,'078-310-3522',250),(243,'078-844-9826',251),(244,'084-079-7411',252),(245,'072 515 1288',253),(246,'084-660-9407',254),(247,'073-718-0243 - wrong number',255),(232,'071-974-4058',256),(264,'078 937 0123',257),(265,'084-323-4442',258),(248,'078-337-6338',259),(249,'073-234-4619',260),(249,'082 533 1393',261),(250,'071-012-5240',262),(250,' 071 981 2047 - sms ',263),(251,'078 085 8589',264),(252,'073-724-3111',265),(256,'073-896-2862 ',266),(256,'064 211 7166',267),(257,'074-796-4101',268),(258,'073-628-4991',269),(259,'079 028 7513',270),(259,'083 731 1461',271),(261,'062 172 4152',272),(262,'074 742 8955',273),(263,'078-091-9456 ',274),(253,'078-675-2497 - wrong number',275),(263,' 062 853 2942',276),(254,'073-559-7844',277),(266,'060-490-2162',278),(267,'076-233-2084',279),(268,'076-233-2084',280),(269,'083-730-3054',281),(270,'073-715-7864',282),(271,'078-726-0832',283),(272,'073-574-4451',284),(273,'063-420-8183',285),(276,'073-366-7584',286),(277,'084-474-6051',287),(278,'078 858 6345',288),(285,'079-959-7221',289),(279,'071-959-7221',290),(286,'073-678-9823 - sms',291),(289,'071-823-8993 ',292),(298,'073-616-9415',293),(287,'078-606-6083',294),(289,'076-395-3933 wrong number',295),(290,'071-461-8446 wrong number',296),(291,'076-554-5108',297),(292,'076-661-7848',298),(293,'078-560-5569',299),(294,'073-550-1401 ',300),(295,'083-350-1550',301),(296,'074-330-4170',302),(297,'072-292-9098 wrong number',303),(299,'078-920-1452 ',304),(300,'083-925-3784',305),(301,'083-317-5737',306),(302,'072-282-8186 ',307),(303,'074-299-8398',308),(304,'078-580-3048',309),(305,'073-925-4722',310),(306,'073-526-6293',311),(307,'084-604-2131 ',312),(308,'083-991-9657',313),(309,'078-659-0181',314),(310,'072-016-5517',315),(311,'073-012-9451',316),(312,'074-187-3910',317),(313,'078-855-2479',318),(314,'072-645-6341',319),(315,'076-672-5580',320),(316,'084-906-9607',321),(317,'076-898-0765 ',322),(318,'073-241-7021 ',323),(319,'076-148-9812',324),(320,'076-114-3728',325),(321,'078-865-9503',326),(336,'084-551-4744',327),(337,'083-595-5133',328),(322,'078-106-4850',329),(323,'lukhanyisok@gmail.com',330),(324,'076-269-7008',331),(324,'079-292-1752',332),(325,'084-068-6066',333),(325,'076-172-0259',334),(326,'076-989-6021 ',335),(328,'072-498-4527',336),(328,' gwe.linda@yahoo.com',337),(329,'072-610-5550',338),(329,'unathi272@gmail.com',339),(330,'081-079-7649',340),(331,'071-011-5573',341),(332,'072-097-0323 - sms ',342),(333,'062-005-9469',343),(334,'074-913-4401 does not exist ',344),(327,'072-034-7293',345),(335,'071-975-4468',346),(338,'063-024-1762',347),(339,'079-661-7598',348),(340,'071-158-0860',349),(341,'073-720-7649',350),(342,'078-586-2585',351),(343,'074-933-5507',352),(344,'062-079-9503 – does not exist ',353),(345,'073-433-1191',354),(346,'073-251-9492 - sms',355),(347,'076-993-2803',356),(348,'079-079-5409',357),(349,'073-131-8950',358),(350,'079-624-2200',359),(351,'084-354-5647',360),(352,'072-994-6711',361),(353,'072-449-0213',362),(354,'078-859-4333',363),(355,'082-638-7527',364),(356,'071-065-9071 ',365),(357,'078-579-0972',366),(357,'074-845-9937',367),(358,'074-359-7763',368),(359,'071-917-5765',369),(361,'076-107-2034',370);
/*!40000 ALTER TABLE `contact_details` ENABLE KEYS */;
UNLOCK TABLES;

--
-- Table structure for table `employment_history`
--

DROP TABLE IF EXISTS `employment_history`;
/*!40101 SET @saved_cs_client     = @@character_set_client */;
/*!40101 SET character_set_client = utf8 */;
CREATE TABLE `employment_history` (
  `student_id` int(11) DEFAULT NULL,
  `employment` varchar(1000) DEFAULT NULL,
  `id` int(11) NOT NULL AUTO_INCREMENT,
  PRIMARY KEY (`id`),
  KEY `par_ind` (`student_id`),
  CONSTRAINT `employment_his_student_id_7f5ef050d1001535_fk_student_student_id` FOREIGN KEY (`student_id`) REFERENCES `student` (`student_id`)
) ENGINE=InnoDB AUTO_INCREMENT=486 DEFAULT CHARSET=latin1;
/*!40101 SET character_set_client = @saved_cs_client */;

--
-- Dumping data for table `employment_history`
--

LOCK TABLES `employment_history` WRITE;
/*!40000 ALTER TABLE `employment_history` DISABLE KEYS */;
INSERT INTO `employment_history` VALUES (10,'WW Somerset Mall',1),(11,'WW Somerset Mall',2),(12,'Mount Nelson',3),(12,'Barista & Waiter training 20 June 17',4),(13,'Mount Nelson',5),(8,'WW V&A Resigned Feb 2017',6),(26,'Tap Room',7),(28,'Westin',8),(30,'Westin',9),(31,'Ellerman House',10),(31,'Primi V&A',11),(21,'WW Somerset West ',12),(24,'Tap Room',13),(52,'Chefs',14),(35,'Mount Nelson Hotel',15),(40,'The Stack - unhappy',16),(42,'did not get accepted to 3yr training programme',17),(94,' Aubergine',18),(78,'Jonkershuis',19),(80,'Woolworths (Somerset)',20),(81,'Woolworths Blue Route Mall (DFI)',21),(82,'Woolworths (Somerset)',22),(85,'Woolworths V&A (previously Somerset) (DFI)',23),(85,'Woolworths V&A ',24),(87,'Woolworths V&A',25),(89,'Woolworths (Cavendish)',26),(91,'Casa Bella Grand West Casino 14th March 2016',27),(91,'Seelan',28),(92,'Carne ',29),(93,'Jarryds',30),(94,'Primi July 2016',31),(94,' Big Momma’s (new place; May 2016)',32),(98,'The Brasserie',33),(98,'Harbour House ',34),(103,'WW CTC',35),(107,'Tribakery (May 2016) Not happy with money',36),(107,'Seelan August 2016',37),(95,'WW V&A (May 2016)',38),(113,'Bootlegger Seapoint August 2016',39),(114,'WW CTC ',40),(115,'Fraiche Ayres',41),(115,'Michaels Kitchen and Bar',42),(117,'Bootlegger Cape Quarter August 2016',43),(118,'WW V&A',44),(118,'WW Waterstone Feb 17',45),(111,'WW Cavendish',46),(123,'Vineyard Hotel (Nov-Jan 2015)',47),(123,'Woolworths Hout Bay (April 2015)',48),(124,'Seelan briefly ',49),(124,'Woolworths briefly 2015',50),(124,'Chalk & Cork',51),(130,'Protea Durbanville',52),(131,'Afri-CAN Charity',53),(134,'Seelan (Jan 2016) ',54),(134,'Woolworths April-Oct 2015 (fired for eating)',55),(134,'Casa Bella (start mid March 2016)',56),(135,'Woolworths (Hout Bay), as of April 2015',57),(136,'fired from WW Waterstone for stealing a cell phone (March-April 2016)',58),(136,'fired from Knead Wembley (Aug-Dec 2015) for lateness',59),(123,'Vineyard Hotel (Nov-Jan 2015)',60),(123,'Woolworths Hout Bay (April 2015)',61),(124,'Seelan briefly ',62),(124,'Woolworths briefly 2015',63),(124,'Chalk & Cork',64),(134,'Seelan (Jan 2016) ',67),(134,'Woolworths April-Oct 2015 (fired for eating)',68),(134,'Casa Bella (start mid March 2016)',69),(136,'fired from WW Waterstone for stealing a cell phone (March-April 2016)',71),(136,'fired from Knead Wembley (Aug-Dec 2015) for lateness',72),(136,' Fisherman’s Choice (started end April 2015; given 3-month contract; cancelled after two weeks of one day not pitching;not catching on; and engaging negatively with non South Africans)',73),(136,'\"Knead Wembley (briefly, DFI)\"',74),(151,'Woolworths Tygervalley (DFI); fired May 2016 for eating',75),(139,'Woolworths Sea Point;left after a month (tuk)',76),(151,'Primi V&A Sep 2016',77),(152,'Briefly Carne ',78),(152,' Societi',79),(152,'Vineyard (Dec 2016-Jan 2016)',80),(152,'Woolworths Waterstone',81),(137,'Protea Durbanville (DFI)',82),(138,'Interview at Casa Bella (March 2016)',83),(138,'HOTS (Nov-Dec 2015); fired bad work ethic& lateness',84),(143,'Woolworths (Waterstone)',85),(144,'Woolworths Tygervalley- Resigned to look after her baby.',86),(145,'Woolworths CTC',87),(146,'Ratanga Junction',88),(146,'Savoy Cabage Nov16',89),(146,' Did not show up for Barista & Waiter training 20 June 17 ',90),(149,'Power & Glory (Feb 2016)',91),(146,'Power & Glory',92),(146,'Primi V&A',93),(138,'Woolworths Willowbridge (DFI)',94),(151,'95 Somerset ',95),(138,'Dalliance Urban Eatery Restaurant- Left in 2016 OTL',96),(156,'Café Ganesh – Observatory',97),(157,'Jonkershuis (fired Feb 2016 for not pitching)',98),(157,'Bootleggar Cape Quarter ',99),(159,'Societi Bistro (DFI)',100),(161,'Carne',101),(162,'ICT (Feb 2016)',102),(162,' Societi Bistro (DFI)',103),(165,'Crystal Towers',104),(168,'Woolworths (Waterstone - 1 year and one one month; ended Nov; all rounder)',105),(153,'Torador',106),(154,'Tigers Milk Cavendish ',107),(156,'Jarryds (briefly)',108),(156,'Carne (Oct 2015-Jan 2016)',109),(176,'Was let go from Hudson’s after slapping incident with Ncedile',110),(173,'tried to find him Nov 2014; no luck.',111),(174,'Tiger’s Milk',112),(174,' Café Chic',113),(174,'Zenzero',114),(174,' 95 Keerom (3 yrs; returned twice and left again)',115),(174,'moyo (briefly)',116),(174,'back to 95 November 2012',117),(174,'Balducci’s 2013',118),(174,'back to 95 Sept 2014',119),(175,'Blues (1 year)',120),(186,'Woolworths CTC October 2016',121),(187,'Knead Wembley early 2015; contract not renewed ',122),(187,'La Mouette (direct from placement)',123),(187,'Worked at some hotle in Waterfront feb 2017',124),(188,'Crystal Towers 3 months early 2015; Knead (briefly)',125),(177,'Amuse Deli',126),(179,'Knead; was being groomed for management position but called in drunk and stopped pitching; did not attend graduation',127),(183,'Tribe (Woodstock); Feb-Dec 2015  ',128),(183,'SMG café (closed)',129),(183,'Rolling Olive (end May 2014; business closing)',130),(183,'Michael’s Kitchen and Bar - Left Dec 16',131),(184,'One day at Societi Bistro (March 2016) then didn’t pitch',132),(184,'Beerhouse (DFI)',133),(184,'Tigers Milk Cavendish left Jan 2016 as was underpaid',134),(185,'WW (briefly; absconded) ',135),(185,'Vida (briefly)',136),(185,'Fired from Scuzi on Dean May 2015 for late-coming; doesn’t want to work',137),(178,'Simons  ',138),(178,'Hilton Cape Town',139),(178,'Culinary Arts Diploma',140),(180,'Knead (Westerford)',141),(180,'Simons (causal)',142),(181,'Societi Bistro',143),(182,'Beerhouse (14 months) ',144),(182,'Townhouse Hotel',145),(182,'Casa Bella (mid march 2016)',146),(186,'Browser and Grazer (Aug-Dec 2014)',147),(186,'Beerhouse (DFI) ',148),(198,'Caturra',149),(198,'Table Bay Hotel',150),(198,'Willoughby ',151),(199,'Fisherman’s Choice V&A; approx. one year',152),(200,'CK’s Bistro briefly',153),(200,'Doing matric',154),(189,'Die Damhuis (DFI); left shortly after;no known reason',155),(190,'Crystal Towers- Fired Feb17',156),(193,'Knead (Palmyra)',157),(193,'95 Keerom ',158),(194,'Savoy Cabbage',159),(195,'Vineyard Hotel (resigned mid-late 2015; reason unknown)',160),(195,'95 Somerset (March 2016)',161),(196,'Knead Kloof Street (2 years)',162),(197,'Savoy Cabbage',163),(197,'Tigers Milk Cavendish ',164),(198,'Woolworths- one month in 2015; resigned due to inability to handle pressure',165),(203,'Primi V&A ',166),(204,'Interviewed with Casa Bella March 2016',167),(204,'Crystal Towers (fired or will be soon for absenteeism)',168),(204,'WW V&A finished feb 2017',169),(205,'Crystal Towers (hired as internship began)',170),(206,'La Mouette',171),(211,'Nu Metro Feb 17',172),(212,'Knead Muizenberg (couldn’t work for R2.7K; spending R2.4K on transport',173),(217,'Jonkershuis- left March 2015 unhappy over salary',174),(217,'Carne (as of April 2015)',175),(201,'Franky’s Diner (fired after 2 months; missing work)',176),(201,'Woolworths Cavendish',177),(202,'Kauai',178),(202,'Jarryds',179),(202,' Knead Sea Point (DFI) (+1 year)',180),(203,'95 Keerom (April-Nov 2015) ',181),(208,'Knead Wembley (as of April 2015)  ',182),(208,' Starlings Café (April 2015) ',183),(208,'Franky’s Diner (DFI; 3-month contract)',184),(208,'Tigers Milk Cavendish',185),(209,'Western Province Caterers',186),(209,'Chalk and Cork; Left C&C suddenly; bad blood',187),(211,'Knead Wembley  ',188),(211,' Crystal Towers',189),(211,'Volo Telo V&A Nov 2016',190),(203,'Franky’s Diner (DFI)',191),(203,'Jonkershuis (Feb 2016)',192),(230,'Point B Guesthouse briefly 2014',193),(230,'Cousins',194),(230,'Cattura',195),(230,'Vineyard for 6 months; fixed term contract Nov 2016',196),(218,'Woolworths- May 2015; resigned a month later',197),(218,'Caffe Milano (mid May 2013 for a short time)',198),(219,'Quit Monk’s in mid Aug; didn’t want to work that hard for the money',199),(220,'Chrysalis Academy',200),(231,'Monk’s (DFI), left 013',201),(226,'Jarryds- July 2015',202),(227,'contract not renewed at Knead (Claremont)- worked one month;  April 2015 ',203),(227,' Fired from Spar Goodwood after 2 months',204),(227,'Charcoal Café (left after 3 mos)',205),(227,'Skinny Legs and all after a year (March 2014); after repeated problems with staf and mgmt.',206),(227,'left Leon29 after revealing HIV status',207),(227,' left Skinny Legs suddenly; mid Oct.',208),(228,'Left Hudsons mid Aug ',209),(228,'Landsdown Fresh Stop',210),(228,'Worked for Silo for a month, got fired OTL.',211),(221,'HOTS (direct from placement)',212),(221,'Left Buena Vista',213),(222,'Bardelli’s (Kenilworth)',214),(223,'Saucisse Boutique Deli; Still very happy – earning 4.2K',215),(224,'Spar Cape Quarter; three months May-July 2013.',216),(224,'Saucisse (started end Jan 2014); on maternity leave. Happy at Saucisse',217),(225,'La Mouette',218),(226,'Woolworths ',219),(226,'Carne (almost 2 years)',220),(229,'Blowfish. Hasn’t been working since 2013',221),(230,'Boschendal Wine Estate. ',222),(233,'Knead Wembley-  Feb-Nov 2015; fired for theft ',223),(233,'Bardelli’s (heard through Abongile she quit)',224),(234,'WW (one day then stopped)',225),(234,'Beerhouse',226),(235,'Power & Glory (briefly part-time)',227),(242,'Savoy Cabbage ',228),(243,'Knead (Westerford) briefly 2015; contract no renewed ',229),(243,'Ikapa Catering',230),(243,'Carne (Aug-Oct 2014; fired); ',231),(243,'CTH; left suddenly (Aug 2014) ',232),(243,'Pumpkin African Kitchen',233),(244,'Bardelli’s (ill with TB)',234),(245,'Chalk & Cork (as of March 2015)',235),(246,'Beerhouse',236),(232,'Blue Café',237),(238,'Myatt Café (Oct 2013)',238),(238,'&Union for a couple of months then quit; wanting to be more in a kitchen',239),(239,'moyo V&A (they never paid her) ',240),(239,'Skinny Legs',241),(239,'Attending False Bay College',242),(240,'Fork',243),(241,'Knead Wembley June-Nov 2015; quit not enough money ',244),(241,'bakery at Elite Centre in Rylands',245),(241,'Primi Piatti (V&A)',246),(232,'Fisherman’s Choice; 1 month 2014; contract not renewed',247),(232,' Blowfish',248),(249,'Woolworths Cavendish (Oct 2015);',249),(249,'Carne briefly 2014; CTH',250),(249,'WW Tygervalley (March 2016)',251),(249,'Left Lisa\'s Oct 16',252),(249,'Vineyard Hotel ',253),(251,'SAMTRA ',254),(251,' Worked as a cook on a Fishing Boat- Marpro',255),(251,'Carne; stopped showing up after two months. ',256),(251,'Boshendal Wine Estate',257),(252,'Woolworths Constantia;  briefly May 2015; was moved to Canal Walk for easier transport then didn’t show for three days  ',258),(261,'Michelangelo Hotel (Jhb)- holiday season 2013',259),(252,'95 Keerom (victim of Neliswa); CTH (1 yr)',260),(261,'Knead (briefly)',261),(252,'Cavendish',262),(261,'Rolling Olive',263),(253,'Caturra ',264),(261,'St. Michael Sands Hotel',265),(253,' Kloof Street House (6 mos); left because she was tired',266),(262,'Asoka (started April 2014)',267),(253,'HOTS/CTH',268),(262,'Volo Telo V&A Nov 2016',269),(254,'Black Sheep (Kloof St) briefly 2014; just left',270),(263,'Knead (Claremont) June 2014 – Oct 2015',271),(254,'Carne',272),(264,'SAMTRA',273),(254,'Caffe Milano',274),(265,'SAMTRA',275),(265,'Italian boat; company unknown',276),(256,'Ou Meul Bakery (1 yr; direct from placement)',277),(257,'Jarryds',278),(257,'La Mouette',279),(258,'Jarryds ',280),(258,'La Mouette',281),(258,'Michaels(2016)',282),(259,'Beerhouse (after one week at HOTS/CTH)',283),(260,'95 Keerom (April 2014 – Jan 2015',284),(261,'Peninsula Hotel',285),(254,' &Union',286),(248,'Spar',287),(248,'Beerhouse (direct from placement); left after 6 mos',288),(274,'Southern Sun for a brief time',289),(275,'Paulaner',290),(276,'Sanbona Game reserve (via Isstaff Agency)',291),(276,' a long time at Southern Sun',292),(266,'Southern Sun Hotel',293),(267,'Paulaner',294),(268,'HOTS',295),(270,'Kuzina',296),(270,'SACA',297),(270,' ICT',298),(271,'Carne',299),(271,'Airport industrial park',300),(272,'Harmony Bay Hotel till they closed',301),(273,'Paulaner',302),(277,'Hired Carne direct from placement',303),(277,'Spur Grandwest',304),(277,'Maersk',305),(277,'Safmarine',306),(278,'Woolworths',307),(278,' ICT',308),(295,'Spar Sea Pont (cashier)',309),(297,'Willoughby’s',310),(286,'Caffe Milano; quit end of Nov 2011.',311),(289,'95 Keerom',312),(289,'Moyo Blouberg (both left suddenly)',313),(298,'Let go from Milano; “not good enough”',314),(298,'\"La Playa Café (worked 6 months, left suddenly) \"',315),(298,'Il Cappero for a few months; they loved him until he left suddenly',316),(292,'Spar (Goodwood); late 2014',317),(292,'Fryer’s 3 yrs; closed down',318),(293,'Bardelli’s. ',319),(293,'Miao',320),(293,'Willoughby’s 2 years (left generally unhappy)',321),(293,'Shoprite',322),(293,'Airport',323),(294,'Spar (Vredehoek)',324),(294,'HOTS several months; left suddenly',325),(295,'Carlyles on Derry (as of Oct 2014) ',326),(287,'Willoughby’s for a year and a half; left October 2012 ',327),(287,'Thyme on Nicol',328),(289,'Fryer’s',329),(290,'Fryer’s',330),(291,'Fryer’s',331),(291,'WIF (just over a year)',332),(291,' Spar Cape Quarter;  6 mos; 2013; ',333),(291,'Ou Meul CBD',334),(291,'Ou Meul Bakery (Tygervalley and Long Street )',335),(295,'Bardelli’s; June-Sept 2014',336),(295,'95 Keerom',337),(308,'Fired from WW for drinking wine on duty',338),(308,'WW (Somerset) briefly 2015; fired for refusing to follow orders',339),(308,'Knead (Claremont) May-Oct 2015',340),(308,'Spar (Goodwood); Sept-Nov 2014',341),(308,'Spar Sea Point',342),(309,'Long time at Fryer’s',343),(310,'CTH waitress; left to take care of child',344),(299,'&Union Jan 2013-Oct 2014; resigned when promised raise didn’t happen ',345),(299,' Down South',346),(299,'moved to 95 Keerom; performance not great and he left suddenly (July 2012)',347),(304,'Carne; and three others',348),(301,'Spar',349),(304,'Grandwest Casino 6-mo contract ended July 2013',350),(304,'Cape Town fish Market (briefly)',351),(305,'Blasters (Capegate)',352),(305,'95 Keerom',353),(306,'Maynard Fisheries 2013-14 ',354),(306,'Fryer’s',355),(306,' fired from Hudsons (Claremont) for slapping Thuliswa',356),(306,'WIF',357),(306,'Shoprite (as of Oct 2014- nov 2016)',358),(300,'Shimmy Beach Club.',359),(300,'Table Bay Hotel; Jan-Aug 2014',360),(300,'Ellerman House',361),(300,'three-year apprenticeship; supposed to incl. SACA certificate; but she left when they didn’t deliver',362),(302,'Caffe Milano; left suddenly',363),(302,'Willoughby’s (last a few days; left suddenly)',364),(303,'Debonair’s Pizza (Gardens)',365),(303,'Willoughby’s (started Jan 2012; left 3 days later; no contact with ICT)',366),(304,'Spar ',367),(307,'Café Caprice',368),(307,'Carne',369),(315,'Caffe Milano',370),(311,'Caffe Milano (left over a stolen croissant)',371),(316,'Le Med Mediterranean Tavern (PE); as of Oct 2014',372),(316,'Extrablatt (2014)',373),(316,'Moyo Stellenbosch',374),(316,'Our Place (Durbanville)',375),(317,'Amuse Deli and Wellness Centre- taken there by Annamari from CTH',376),(318,'Let go from Mozzarella Bar',377),(320,'Couldn’t handle Il Cappero',378),(321,'Moyo Stellenbosch',379),(312,'Mozarella Bar',380),(313,'Power & Glory',381),(313,'Carne',382),(313,' ICT( Contract ended Dec 16)',383),(314,'Down South',384),(314,'Carne',385),(314,'Rhapsody’s',386),(314,'Hudsons',387),(315,'95 Keerom (briefly; said to have left because of Neliswa)',388),(321,'Queen’s Casino (Eastern Cape)',389),(315,'Ragu',390),(311,'Simba 1 year then retrenched',391),(322,'Three Cities in on the Square',392),(322,'&Union',393),(323,'Jarryds (Oct-Dec 2015)',394),(323,'two hours late for Cystal Towers trial (Sept 2015)',395),(323,' Savoy Cabbage (left after two years; likely drug use)',396),(324,'Woolworths (Canal Walk; August 2015 – ?); ',397),(324,' Trenchtown Café',398),(324,'Saucisse Boutique Deli (not a fit)',399),(324,'moyo V&A (quit over pay and conditions)',400),(325,'95 briefly; says she left because of Neliswa ',401),(334,'&Union',402),(325,'Ou Meul Bakery; left January 2015',403),(334,'Origin Coffee (July 2013)',404),(325,'worked casual at Larder during December; sometimes pitched; sometimes didn’t',405),(335,'Left Riempies (Cape Sun) after short stay; moved to Joburg July 2014; returned to CT',406),(326,'moyo waterfront (started Jan 2013)',407),(335,'Pick n Pay (Big Bay)',408),(327,'moyo Kirstenbosch (scullery)',409),(335,'moyo Big Bay (direct from placement)',410),(336,'Carne briefly 2014. ',411),(336,'&Union one year',412),(336,'moyo Stellenbosch (dir. from placement; hired thru Jan 16; contract not renewed)',413),(337,'Orinoco',414),(337,'Moyo Kirstenbosch',415),(328,'MediClinic (briefly 2014)',416),(328,'Savoy Cabbage',417),(329,'Two years at Charley’s Bakery',418),(330,'Spier (left 2015)',419),(330,' moyo Stellenbosh',420),(332,'Wakame',421),(332,'Voila (direct from placement; 6-mo contract)',422),(332,'started La Mouette Jan 2013; showed up hungover; then late; Henry let him go',423),(332,'Spar Cape Quarter; May-July 2013',424),(322,'Grinrod LTD ',425),(322,'Maersk Line',426),(347,'Woolworths Somerset Mall briefly; left because of transport',427),(347,'Bardelli’s',428),(347,'moyo Kirstenbosch',429),(347,'left for Il Cappero October 2012; left end October',430),(347,'Orinoco (started Nov 2012) stayed briefly',431),(348,'Hired at Woolworths April 2015; didn’t pitch on first day',432),(348,'The Backyard Café;  Feb-Sept 2014; left pregnant ',433),(348,'moyo Kirstenbosch (2 mos; resigned; couldn’t pay for transport and child care)',434),(348,'HOTS 1 year -  left suddenly; end 2013; saying she couldn’t make enough money',435),(338,'Maharajah early 2016; wont last ',436),(342,'Harbour House V&A',437),(338,'started 1 Oct moyo Sbosch; no longer working 2 weeks later; reason unclear',438),(343,'Quarterdeck (Grandwest)  2015',439),(338,'worked for &Union for a year; didn’t return after 2013 holidays',440),(343,'La Mouette (2012-14)',441),(344,'Bardellis',442),(344,' &Union',443),(345,'Browser and Grazer (closed)',444),(345,' Il Cappero (3-month contract through Nov 2012)',445),(346,'Moyo Stellenbosch',446),(346,' Big Momma’s (new place; May 2016)',447),(346,'Woolworths Tygervalley Oct 2016',448),(339,'Savoy Cabbage; start end of August 2012-mid March 2013',449),(340,'Café Chic ',450),(340,'Carne briefly 2014',451),(340,'Pepenero',452),(340,'Hudsons',453),(340,'moyo',454),(341,'Tiger’s Milk',455),(342,'Café Chic ',456),(342,'Moyo',457),(346,' Moving to Harbour House soon',458),(347,'The Brasserie (Feb 2016); left in May; don’t know why ',459),(361,' CTH. Jan 2013-Oct 2014; management change',460),(349,'moyo Kirstenbosch; left suddenly',461),(350,'Moyo KB',462),(350,'Zenzero',463),(351,'left Caffe Milano suddenly after a few days and no notice to them or ICT; did the same with moyo Kirstenbosch after a few months; they took him back after he claimed to have been stabbed and in hospital for three weeks; he lasted a couple of more months; then disappeared Nov 2012.',464),(356,'1 year with WIF; left over salary; they said he could return',465),(357,'The Power and The Glory',466),(357,'Training at Delux Coffee',467),(359,'moyo Kirstenboch ',468),(359,'One & Only (started Nov 2012)',469),(359,'heard from Shep on 18 Dec that she’d left; something about working for an agent; need the whole story',470),(359,'Woolworths (Tygervalley) ',471),(360,'Manna Epicure (5 days) ',472),(360,'Spar Cape Quarter (2 months)',473),(360,'Pearl Hotel',474),(352,'left Il Cappero end of Oct 2012',475),(352,'CTH thru mid Mar 2013',476),(353,'Caffe Milano',477),(354,'Café Chic',478),(354,'Carne two years',479),(355,'WIF; left on good terms 31 August',480),(355,' Il Cappero thru Sept-Oct 2012',481),(355,'mid Dec-mid Jan 2013 Voila',482),(356,'Beerhouse',483),(360,'Caffe Milano',484),(361,'Saucisse Deli (Feb 2015); left suddenly; showed up drunk',485);
/*!40000 ALTER TABLE `employment_history` ENABLE KEYS */;
UNLOCK TABLES;

--
-- Table structure for table `employment_info`
--

DROP TABLE IF EXISTS `employment_info`;
/*!40101 SET @saved_cs_client     = @@character_set_client */;
/*!40101 SET character_set_client = utf8 */;
CREATE TABLE `employment_info` (
  `student_id` int(11) DEFAULT NULL,
  `internship` varchar(50) DEFAULT NULL,
  `current_employment` varchar(1000) DEFAULT NULL,
  `id` int(11) NOT NULL AUTO_INCREMENT,
  PRIMARY KEY (`id`),
  KEY `par_ind` (`student_id`),
  CONSTRAINT `fk_empinfo` FOREIGN KEY (`student_id`) REFERENCES `student` (`student_id`) ON DELETE CASCADE ON UPDATE NO ACTION
) ENGINE=InnoDB AUTO_INCREMENT=378 DEFAULT CHARSET=latin1;
/*!40101 SET character_set_client = @saved_cs_client */;

--
-- Dumping data for table `employment_info`
--

LOCK TABLES `employment_info` WRITE;
/*!40000 ALTER TABLE `employment_info` DISABLE KEYS */;
INSERT INTO `employment_info` VALUES (1,'Vineyard','Primi V&A',1),(2,'WW Cavendish ','WW Tygervalley ',2),(3,'Bootlegger Cape Quarter - WW V&A 1 Week','Beerhouse ',3),(4,'Ellerman House ','Savoy Cabage ',4),(5,'WW CTC','WW Waterstone ',5),(6,'Ellerman House ','Ellerman House ( Fixed Term Contract)',6),(7,'WW Waterstone ','Bootlegger ',7),(8,'WW V&A',NULL,8),(9,'WW Waterstone ','Primi V&A',9),(10,'WW Seapoint ',NULL,10),(11,'Vineyard','The Power and the Glory',11),(12,'Mount Nelson','Barista & Waiter training 20 June 17 ',12),(13,'Mount Nelson ','Barista & Waiter training 20 June 17 ',13),(14,'Bootlegger Seapoint - Crystal Towers ( 1 Week ) ','Crystal Towers ',14),(15,'Mount Nelson','Mount Nelson',15),(16,'WW Canal Walk','WW Canal Walk',16),(17,'WW Seapoint ','WW Waterstone ',17),(18,'WW Somerset Mall ( Not taken for taking food) ','99 On Beach Somerset ',18),(19,'Aubergine','Aubergine ( Not hired, no space in kitchen)',19),(20,'WW V&A ( Not Taken - Too slow)',NULL,20),(21,NULL,'Primi Sea Point',21),(22,NULL,'Crystal Towers',22),(23,NULL,'Bootlegger ',23),(24,NULL,'Barista & Waiter training 20 June 17',24),(25,NULL,'Mount Nelson ',25),(26,NULL,'Barista & Waiter training 20 June 17 ',26),(27,NULL,'Westin',27),(28,NULL,'Table Bay Hotel',28),(29,NULL,'Bootleggar',29),(30,NULL,'Mount Nelson ',30),(31,NULL,'Radison Blu',31),(32,NULL,'Primi V&A',32),(33,NULL,'Primi V&A',33),(34,NULL,'Bootleggar',34),(35,'Mount Nelson Hotel ','Beleza',35),(36,'One and Only Hotel','One and Only Hotel',36),(37,'One and Only Hotel','One and Only Hotel',37),(38,'Fire and Ice Hotel','Fire and Ice Hotel',38),(39,'Fire and Ice Hotel','Fire and Ice Hotel',39),(40,'The Stack','Westin',40),(41,'Westin','Westin',41),(42,'15 on Orange','15 on Orange',43),(44,'Shortmarket Club','Shortmarket Club',44),(45,'Mount Nelson Hotel ','Mount Nelson Hotel ',45),(46,'One & Only ','One and Only Hotel',46),(47,'One & Only ','One and Only Hotel',47),(48,'Westin','Westin',48),(49,'The Potluck Club','Knead in Kennilworth ',49),(50,'15 on Orange','15 on Orange',50),(51,'Aubergine','Saucisse Deli',51),(52,'Vineyard Hotel and Chefs','Cutting Edgr Cuisine from 1 June 17',52),(54,'Chefs ','Chalk & Cork',54),(56,'Primi Piatti V&A',NULL,56),(57,'Primi Piatti V&A',NULL,57),(58,'Vineyard Hotel ',NULL,58),(59,'WW Waterstone',NULL,59),(60,'Westin ',NULL,60),(61,'Mount Nelson',NULL,61),(62,'Reverie Social Table',NULL,62),(63,'WW Waterstone',NULL,63),(64,'Mount Nelson',NULL,64),(65,'WW V&A ',NULL,65),(66,'Primi Piatti V&A',NULL,66),(67,'Chefs',NULL,67),(68,'One & Only ',NULL,68),(69,'Primi Piatti V&A',NULL,69),(70,'Double Tree by Hilton ',NULL,70),(71,'One & Only ',NULL,71),(72,'Braai Café ',NULL,72),(73,'Primi Piatti V&A',NULL,73),(74,'One & Only ',NULL,74),(75,'WW Canal Walk ',NULL,75),(76,'Double Tree by Hilton ',NULL,76),(77,'One & Only ',NULL,77),(78,'Jonkershuis','Graceland Casino and Hotel',78),(79,'Vineyard Hotel','Vineyard (3-yr program)',79),(80,'Sticky BBQ','The Mill & Press',80),(85,'Woolworths (Tygervalley)','Sorrows',81),(86,'Woolworths (V&A)','Woolworths V&A',82),(87,'Woolworths (V&A)','Cape Town Fish Market',83),(88,'Woolworths (Tygervalley);','Woolworths V&A',84),(89,'WW Tygervalley','Woolworths Mall of Africa',85),(90,'Woolworths (Constantia Village)','Woolworths Somerset',86),(91,'Seelan','Harbour House/ Tigers Milk Cavendish ',87),(92,'Carne (Kloof)','Vineyard (3-yr program)',88),(93,'Jarryds','Dubai 2016',89),(94,'Aubergine','Primi V&A',90),(95,'Vineyard',NULL,91),(98,'The Brasserie','Tigers Milk Claremont ',92),(99,'Fraiche Ayres','Mill & Press ',93),(100,'Crystal Towers','Crystal Towers ',94),(101,'The Green Group','Swaziland - Making Food at the Shelter ???',95),(102,'Aubergine','WW Tygervalley ',96),(103,'Woolworths',NULL,97),(104,'Woolworths','WW Willowbridge ',98),(105,'Vineyard','Vineyard (3 yr programme)',99),(106,'Knead Wembley','Tigers Milk Claremont ',100),(107,'Knead Wembley','Primi V&A ',101),(108,'WW Sea Point ','WW Sea Point ',102),(109,'Crystal Towers','Crystal Towers',103),(110,'Fraiche Ayres ','Fraiche Ayres ',104),(111,'WW Cavendish ','WW V&A',105),(113,'WW','Bootlegger The Point ',106),(114,'Aubegine ','WW Somerset ',107),(115,'Mill & Press','Barista & Waiter training 20 June 17 ',108),(116,'Mt. Nelson','NULL',109),(117,'Canal Walk','Bootlegger Seapoint ',110),(118,'WW V&A','NULL',111),(119,'Chefs','Chefs',112),(120,'WW V&A','WW Somerset ',113),(121,'Chefs','Chefs ',114),(122,'Birds on Bree','Bootlegger Seapoint ',115),(125,NULL,'Tigers Milk Cavendish ',118),(127,NULL,'Aubergine',119),(128,NULL,'HOTS',120),(129,NULL,'Crystal Towers',121),(130,NULL,'Primi Piatti Cavendish ',122),(132,NULL,'Vida ',124),(133,NULL,'Working in telemarketing',125),(134,NULL,'Tigers Milk Cavendish ',126),(135,NULL,'Barista & Waiter training 20 June 17 ',127),(137,NULL,'Went back to Protea Hotel Oct 2016',131),(143,NULL,'Primi Piatti Sea Point',136),(144,NULL,'Woolworths (Tygervalley)',137),(145,NULL,'Crystal Towers',138),(147,NULL,'Woolworths Tygervalley',140),(147,NULL,'Power and Glory Jan17',141),(148,NULL,'Crystal Towers',142),(148,NULL,'Work Away Florida 2016',143),(149,NULL,'Mill & Press',144),(150,NULL,'WW Adderley As a Barista',145),(154,NULL,'Power and Glory March 17',148),(155,NULL,'Woolworths (Waterstone)',149),(156,NULL,'Michaels Kitchen & Bar',150),(160,NULL,'Aubergine (DFI)',153),(161,NULL,'ICT',154),(162,NULL,'WW Waterstone',155),(163,NULL,'Chalk & Cork ',156),(163,NULL,' Cape Grace Hotel',157),(164,NULL,'Woolworths (Waterstone)',158),(165,NULL,'Chefs',159),(166,NULL,'Woolworths Tygervalley',160),(167,NULL,'Woolworths Willowbridge',161),(169,NULL,'The Bay Hotel (since leaving ICT)???',162),(170,NULL,'Spar Cape Quarter',163),(171,'Hudson’s','Hudson’s',164),(172,NULL,'95 Keerom since Jan 2010',165),(173,NULL,'Successful in IT',166),(174,'Blues','Princess Cruise Lines',167),(175,'Blues','toursdelcapo.co.za',168),(177,'Blowfish',NULL,170),(178,'Simons (Groot Constantia)','Raddison Blu in Jozi',171),(179,'Knead',NULL,172),(180,'Simons (Groot Constantia)','Crystal Towers',173),(181,'The Brasserie','Westin Grand',174),(182,'Casa Bella','Primi V&A since Oct 2016',175),(183,'Jonkershuis',NULL,176),(184,'Beerhouse',NULL,177),(185,'Scuzi on Dean',NULL,178),(186,'Beerhouse ',NULL,179),(187,'La Mouette',NULL,180),(188,'Jonkerhuis','Works for mom selling meat but not happy ',181),(189,'Die Damhuis',NULL,182),(190,'Knead (Sea Point)','Michaels Kitchen & Bar',183),(192,'CK Bistro','CK Bistro',184),(193,'Knead (Palmyra)','Bootlegger Cape Quarter Feb17',185),(194,'Knead (Sea Point)','Tigers Milk Cavendish ',186),(195,'Vineyard Hotel','95 AT Morgenter / Bootlegger Feb17',187),(196,'Knead (Kloof Street)','Jonkershuis',188),(197,'Societi Bistro','At a Bag shop in the Golden Achers June 17',189),(198,'Knead (Sea Point)',NULL,190),(199,'Die Damhuis',NULL,191),(200,'CK Bistro',NULL,192),(201,'Franky’s Diner','Tigers Milk Cavendish ',193),(202,'Knead (Sea Point)','Upsacale butchery',194),(203,'Franky’s Diner',NULL,195),(204,'Crystal Towers',NULL,196),(205,'Crystal Towers','Food Lovers Market St Georges mall',197),(206,'Vineyard Hotel',NULL,198),(208,'Franky’s Diner',NULL,199),(209,'Chalk and Cork','WW Somerset',200),(210,'Vineyard Hotel','Vineyard Hotel',201),(211,'Knead (Wembley)',NULL,202),(212,'Knead (Muizenberg) ','Crystal Towers',203),(213,'Knead (Muizenberg) ','Knead Muizenberg',204),(214,'Societi Bistro','Jonkerhuis',205),(215,'Knead (Sea Point)','Knead (Sea Point)',206),(216,'Knead (Palmyra)','Knead (Dean Street)',207),(217,'Jonkerhuis','www.baiarestaurant.co.za',208),(218,'Bardelli’s (Kloof Street)',NULL,209),(219,'Monk\'s',NULL,210),(220,'Blowfish',NULL,211),(231,'Monk’s Chinese Take-Away',NULL,212),(221,NULL,'HOTS',213),(225,NULL,'Riempies (Cape Sun); started April 2014',217),(227,NULL,'Big Momma’s (new place; May 2016)',219),(228,'Blowfish',NULL,220),(229,'Blowfish',NULL,221),(230,'The Cousins','The Townhouse Hotel ',222),(232,'Blowfish ',NULL,223),(233,'Bardelli’s (Kenilworth)','Dalliance Urban Eatery Restaurant',224),(234,'Beerhouse',NULL,225),(235,'Power & Glory',NULL,226),(236,'&Union',NULL,227),(237,'CTH',NULL,228),(238,'&Union','Driver at airport',229),(239,'Moyo V&A','Working at take a lot.com. ',230),(240,'Blowfish','Blowfish',231),(241,'Bardelli’s (Kloof Street)','runs her own shop',232),(242,'Savoy Cabbage','Learned he was working with his father',233),(243,'HOTS/CTH','Tigers Milk Cavendish ',234),(244,'Bardelli’s (Kenilworth)','Jonkershuis',235),(245,'Beerhouse','Slug & Lettuce Canal Walk ',236),(246,'Beerhouse',NULL,237),(247,'HOTS',NULL,238),(248,'Beerhouse','Crystal Towers/ Nu Metro Jan17',239),(249,'SAMTRA','Café Frank in Bree since june 17. ',240),(250,'Giovanni’s',NULL,241),(251,'SAMTRA','Working as a cook at Correctional Services',242),(252,'HOTS/CTH','Tigers Milk ',243),(253,'HOTS/CTH',NULL,244),(254,'&Union',NULL,245),(256,'Ou Meul Bakery','95 Keerom, Feb 2015',246),(257,'La Mouette',NULL,247),(258,'La Mouette','La Tete',248),(259,'La Mouette','Beerhouse (DFI',249),(260,'Eurohaus','Studying at UCT',250),(261,'La Boheme ','Val de Vie',251),(262,'La Boheme ','Bootlegger Seapoint Feb17',252),(263,'HOTS','Woolworths (Cavendish)',253),(264,'SAMTRA','Woolworths Cavendish Oct 2016',254),(265,'SAMTRA','Deparment of correctional servies since 2016 ',255),(276,'Bayside Café ',NULL,256),(267,'Café Mozart ','heard she was working somewhere as a cleaner',258),(268,'Bayside Café ','CTH',259),(269,'Kuzina','Vida e Caffe (O.R. Tambo Airport)',260),(271,'CTH','working in PE as a Driver',262),(270,'Kuzina ','manager at Knead Claremont (early 2014)',268),(272,'Gold Restaurant ','studying at Western Cape College ',270),(273,'Gold Restaurant ',NULL,271),(274,'Bayside Café ','Sarrows on Kloof ',272),(275,'Bayside Café ',NULL,273),(277,'Carne','ICT',274),(278,'Bayside Café',NULL,275),(285,'Bayside Café',NULL,276),(279,'Leisure Bay Hotel',NULL,277),(280,NULL,NULL,278),(286,'Azura','CNA in Waterfront',279),(289,'96 Keerom',NULL,280),(298,'Caffe Milano',NULL,281),(287,'Willoughby’s','Wiloughby\'s V&A',282),(289,'HOTS/CTH','Buitpointe Closures Sorters',283),(290,'Obz Café ','Doppio Zero (as of July 2014)',284),(291,'HOTS/CTH','Working as a Griller at Dros in Somerset ',285),(292,'Fryer’s','Weinhaus + Bierhaus (as of Feb 2015) ',286),(293,'Willoughby’s','Tharburn security company ',287),(289,'96 Keerom',NULL,289),(291,'HOTS/CTH','Griller at Dros in Somerset ',294),(294,'Azura','cooking in a private school (Nov 2015)',297),(295,'The Grand','Clarlys and Derry Pizza in Vredehoek',298),(296,'SACA',NULL,299),(297,'HOTS/CTH',NULL,300),(299,'Hudsons',NULL,301),(300,'SACA','Clarendon Boutique Hotel (April 2015)',302),(301,'HOTS/CTH',NULL,303),(302,'96 Keerom','has his own painting business',304),(303,'Capetonian Hotel','Scooters',305),(304,'K-Line','Bardelli’s (started June 2014)',306),(305,'Mozzarella Bar','Fisherman’s Choice; as of Oct 2014',307),(306,'Fryer’s','Currently looking for work ',308),(307,'Café Caprice','Owns takeaway/fast food shop; earns R5000 per month ',309),(308,'Capetonian Hotel','Primi V&A Oct 2016',310),(309,'Fryer’s',NULL,311),(310,'CTH',NULL,312),(311,NULL,NULL,313),(312,'Slainte','Carne',314),(313,'Carne','La Tete',315),(314,'Down South ','Hallelujah (started Mar 2014)',316),(315,'Caffe Milano','Woolworths V&A (previously at Somerset) (Nov 2015)',317),(316,'Moyo Blouberg','www.chocolatbistro.co.za',318),(317,'HOTS/CTH',NULL,319),(318,NULL,NULL,320),(319,NULL,NULL,321),(320,NULL,NULL,322),(321,'Moyo Blouberg',NULL,323),(322,'&Union','Unicorn Shipping',324),(323,'Savoy Cabbage','Casa Bella (March 2016) Moving to Harbour House soon',325),(324,'Roundhouse','Woolworths CTC (April 2016) Fired for Absintieesm',326),(325,'Wakame','Micheals Kitchen and Bar ',327),(326,'moyo Stellenbosch ',NULL,328),(328,'Savoy Cabbage','Tribe',329),(329,'Charley’s Bakery','Project Manager at U Tyre (Online Tyre Store)',330),(330,'moyo Stellenbosch','Carne; as of Feb 2015',331),(331,'moyo Big Bay ','HOTS',332),(332,'Voila','Climatic Technologies (since May 2014)',333),(333,'Wakame','Debt Rescue (admin work); as of May 2014',334),(334,'Capetonian Hotel','Beekman Spray Painting',335),(335,'moyo Big Bay','Woolworths (Waterstone)',336),(336,'moyo Stellenbosch','Boshendal Wine Estate – Fixed term contract (as of March 2015). Diploma at Chefs Academy starting August 2017.',350),(337,'moyo Kirstenbosch','Working for CT municipality (Jan 2015)',351),(338,'moyo Kirstenbosch',NULL,352),(339,'moyo Kirstenbosch','ICT',353),(340,'moyo Kirstenbosch','The Power & The Glory (started mid April 2013)',354),(341,'moyo Kirstenbosch','Harbour House V&A',355),(342,'moyo Kirstenbosch','95 on keerom. 95 morgenster somerset in Oct 2017',356),(343,'La Mouette (Henry Vigar)','Twelve Apostles Hotel (March 2015)',357),(344,'moyo Kirstenbosch','Woolworths (Oct 2015)',358),(345,'Il Cappero','Starlings Café (April 2015); Voicemail left Feb 2016 Unreachable ',359),(346,'moyo Stellenbosch','baking and selling cakes; since March 2017 ',360),(347,'moyo Kirstenbosch','Bardelli’s (returned May 2016)',361),(348,'moyo Kirstenbosch',NULL,362),(349,'HOTS/CTH ',NULL,363),(350,'Moyo',NULL,364),(351,'Roundhouse ',NULL,365),(352,'HOTS/CTH','The Power and the Glory',366),(353,'Moyo','Carne ',367),(354,'moyo','unemployed according to Shepherd; but expected to work (April 2016)',368),(355,'Wings in Flight ','ICT (as of Jan 2013)',369),(356,'Wings In Flight ','Jarryds (as of July 2015)',370),(357,'Wings In Flight ','Go Healthy club tygervalley. ',371),(358,'Roundhouse ','Sassy Distributors',372),(359,'HOTS/CTH ','Reverie Social Table ',373),(360,'Pearl Hotel; Caffe Milano','SACA ',374),(361,'96 Keerom','Tigers Milk Cavendish; Moving to Harbour House soon.',375),(43,NULL,NULL,377);
/*!40000 ALTER TABLE `employment_info` ENABLE KEYS */;
UNLOCK TABLES;

--
-- Table structure for table `student`
--

DROP TABLE IF EXISTS `student`;
/*!40101 SET @saved_cs_client     = @@character_set_client */;
/*!40101 SET character_set_client = utf8 */;
CREATE TABLE `student` (
  `student_id` int(11) NOT NULL AUTO_INCREMENT,
  `name` varchar(50) DEFAULT NULL,
  `id_no` varchar(50) DEFAULT NULL,
  `deceased` tinyint(1) DEFAULT NULL,
  PRIMARY KEY (`student_id`)
) ENGINE=InnoDB AUTO_INCREMENT=362 DEFAULT CHARSET=latin1;
/*!40101 SET character_set_client = @saved_cs_client */;

--
-- Dumping data for table `student`
--

LOCK TABLES `student` WRITE;
/*!40000 ALTER TABLE `student` DISABLE KEYS */;
INSERT INTO `student` VALUES (1,'Nontlantla Felani','9107040947081',0),(2,'Sikhumbuzo Delekile','9407266010089',0),(3,'Sinazo Nyeleka','9409120385087',0),(4,'Sipho Ngxolo','9106036151088',0),(5,'Unathi Sihlaba','9403290345088',0),(6,'Wanda Fokwana','9010106508088',0),(7,'Xolisa Mbewu','8907246042087',0),(8,'Zandile Masolo','8907220686081',0),(9,'Zintle Nodabongo','9303060773081',0),(10,'Abongile Bindi','9305165276084',0),(11,'Akhona Stoffels','9112295224087',0),(12,'Ayabulela Breakfast','9611110399081',0),(13,'Bongani Njoli','9007256140084',0),(14,'Denischia Gomis','9311120081080',0),(15,'Kholiwe Dyalvane','7912240957083',0),(16,'Lungelwa Dlamini','7909270731081',0),(17,'Luvo Mbiko','9602105787085',0),(18,'Meshack Maseko','9604125787085',0),(19,'Nobulungisa Mkitha','9209241362084',0),(20,'Sitheliswa Ngqaqa','8312280673089',0),(21,'Thembisa Vongwe','8006020828082',0),(22,'Zikhona Qonde','9401081241086',0),(23,'Yoneka Palaza','8601160679089',0),(24,'Zintle Kopile','9411301200085',0),(25,'Andisiwe Mtsolo','910805195082',0),(26,'Emihle Bokolo','9406190369082',0),(27,'Kudzai Mahara','EN868972',0),(28,'Mukenge Kapena','6701265320264',0),(29,'Nontombi Sirali','8706161235084',0),(30,'Ofentse Seleke','9304255526086',0),(31,'Sinathi Somchiza','8907206075085',0),(32,'Siphokazi Phike','9604040925083',0),(33,'Siphosethu Sobe','9309061239089',0),(34,'Siyo Silwana','8205125428083',0),(35,'Martha Tidimatso Aphane','7805160797085',0),(36,'Nolufefe Masumpa','8502041286086',0),(37,'Nombongo Patricia Mtonjana','8802261075080',0),(38,'Nontando Ndleleni','9512181186086',0),(39,'Ntombikayise Tshunungwa','9401180435084',0),(40,'Phindile Mzobe','920308113808',0),(41,'Prudence Biziwe Jackson','9108020443083',0),(42,'Zakhele Gumede','9508256296081',0),(43,'Zenande Mhlawuli','9611090195087',0),(44,'Afikile Tshona','940324090786',0),(45,'Andiswa Mbizo','7209300727088',0),(46,'Anele Yose','8708231224080',0),(47,'Asanda Fulanisi','8906270708084',0),(48,'Ayanda Nocanda','9306165381080',0),(49,'Babalwa Mmango','8906240684084',0),(50,'Buhle Mnqwazana','9607075761083',0),(51,'Celiwe Cekwana','8401050952086',0),(52,'David Thako','9308225202082',0),(53,'Kuhle Matu','8812210743084',0),(54,'Mandla Praise- God Shabangu','9308265899086',0),(55,'Kurt Bronwyn Muller','9304175175089',0),(56,'Luvuyo Mkontwana','9412066174085',0),(57,'Zukiswa Mfazwe','8906081368086',0),(58,'Mandisa Kolisi','8508100848088',0),(59,'Miranda Titi','8306060843086',0),(60,'Nandipha Plaatjie','8604120745089',0),(61,'Nompumelelo Mbele','8311200767088',0),(62,'Nosiviwe Mdletye','9111260674806',0),(63,'Siphenathi Booysen','9607101142084',0),(64,'Siphokazi Pere','860329110082',0),(65,'Sisipho Ntshwaqela','9511060583082',0),(66,'Anathi Nombula','9802230507089',0),(67,'Alain Kankolongo Malangu','CTR/002748/07',0),(68,'Asiphe Macana','9608281171083',0),(69,'Aviwe Gcuze','9001010659083',0),(70,'Brandon Moses','9405095102085',0),(71,'Emanuel Nkosinathi Ngoyoyo','9202215668081',0),(72,'Iris Brown ','8312270200083',0),(73,'Kwanele Maseko','9502285629081',0),(74,'Lihle Boyce','8706061043083',0),(75,'Yolanda Sitonga','9612270467080',0),(76,'Lusanda Fulani','9803160435087',0),(77,'Zinhle Duda','9410300657089',0),(78,'Sphesihle Mahlangu','9311145697084',0),(79,'Siyanda Kuzani','9105256014083',0),(80,'Sicelo Mjiqiza','8209275945086',0),(81,'Neliswa Shasha','NULL',0),(82,'Zolani Sonjica','NULL',0),(83,'Zoleka Makalima','NULL',0),(84,'Noloyiso Rosi','NULL',0),(85,'Yolanda Ngcatshe','8704120937080',0),(86,'Neliswa Makitshi','94021160931084',0),(87,'Athenkosi Ndzena','9408250739089',0),(88,'Anelani Mpatelwa','9008235420084',0),(89,'Nondwe Nentsa','9407130829086',0),(90,'Sikelelwa Nojozi','8009091080088',0),(91,'Zingisa Rhode','9503260923085',0),(92,'Loyiso Makaula','9312015845084',0),(93,'Michael Makoni','63-2003724T42CITM',0),(94,'Daniel Kasongo','GR/006550/07',0),(95,'Courtney Britz','951026 0015 08 5',0),(96,'Sizeka Lumkwana','NULL',0),(97,'Nobulali Pelu','NULL',0),(98,'Susan Manokore','CTRZWE000530512',0),(99,'Yolanda Nyaba','860412 0940 08 6',0),(100,'Luleka Simbuku','920425 1101 08 4',0),(101,'Siboniso Simelane','971020 6100 05 4',0),(102,'Sivuyile Poti','801128 5724 08 3',0),(103,'Fundiswa Masangwana','801121 0620 08 3',0),(104,'Yamazizi Tokwe','890708 1032 08 6',0),(105,'Maletsielo Maponopono','871215 0945 08 9',0),(106,'Lwando Fose','880509 5596 08 0',0),(107,'Wisdom Mukanyakanya','CTR/003615/06',0),(108,'Vuyiseka Mhlontlo ','9212311024089',0),(109,'Nolusindiso Dywili ','8712161247087',0),(110,'Likhona Nenene ','9102266215081',0),(111,'Zipozihle Namba ','9209026180081',0),(112,'Lucy Muhambi ','PTAZWE 113491009',0),(113,'Babalwa Tokwe ','9206150246084',0),(114,'Vuyokazi Mhlanganyani ','8412201380085',0),(115,'Siphosethu Ndabeni ','9304250656086',0),(116,'Fiona Titus ','8809171380088',0),(117,'Yolanda Galada ','9101021215089',0),(118,'Unathi Mjuleni ','9511130647081',0),(119,'Thabisho Sechogela ','9605135892088',0),(120,'Siphokazi Ngwendu ','8809281113080',0),(121,'Mongi Fana ','9608245885083',0),(122,'Amanda Ntuli ','9105010484085',0),(123,'Phuthikhaya Valashiya','8610015794082',0),(124,'Nomasakane Ndyoki','8903050853081',0),(125,'Mziwamadoda Mbambo','NULL',0),(126,'Phumlani Tyeku','NULL',0),(127,'Ayanda Mphambo','9309195475088',0),(128,'Siphokazi Qebeyi','7908200933080',0),(129,'Lusapho Kaleni','9601015757087',0),(130,'Andisiwe Buzani','9405040937080',0),(131,'Aphiwe Marona','9112275447088',0),(132,'Thulani Giladila','8809091914081',0),(133,'Nosimphiwe Bonakele','NULL',0),(134,'Thuliswa Gcinisiko','8809280706082',0),(135,'Nosiphiwo Nyumbane','9401020931086',0),(136,'Sandla Sonamzi','8910205742085',0),(137,'Zolani Lupoko ','8609285616082',0),(138,'Zandile Mkulisa','8416030868087',0),(139,'Sipho Maolotyeni','NULL',0),(140,'Thando Nomtayi','NULL',0),(141,'Samora Ntantiso','NULL',0),(142,'Natalie Alexander','NULL',0),(143,'Thembela Mazawule','9305255464087',0),(144,'Ncebakazi Nxenye','9510230432089',0),(145,'Onamandla Qetse','9211205707080',0),(146,'Akhona Qebetu','9505220661085',0),(147,'Sivuyile Mngcwengi','9102056130086',0),(148,'Oyama Tandwa','9511085498084',0),(149,'Babalwa Madlanga','8702110799080',0),(150,'Masixole Dakuse','9404195965087',0),(151,'Ndileka Tyeku','9406190899088',0),(152,'Sandile Mhlongo','8411035701086',0),(153,'Manelisi Futshane','8204066283',0),(154,'Ntombenkosi Sithole ','8307120632089',0),(155,'Phaphamile Jonas ','9305115809083',0),(156,'Vuyisa Nefu ','9009136068089',0),(157,'Melikhaya Dyani ','9409085674087',0),(158,'Vuyolwethu Nxenye ','NULL',0),(159,'Ziyanda Mkwela ','9309290757083',0),(160,'Athanathi Mojombozi ','9409220561082',0),(161,'Yonela Mbombo ','9211045506080',0),(162,'Chumile Fanishi ','9003075362082',0),(163,'Athandile Stuurman','9601150274088',0),(164,'Andile Mkenene ','9201025703088',0),(165,'Natalie Alexander','9008290145089',0),(166,'Busisiwe Madzwila ','9405200925081',0),(167,'Anethemba Sitoto ','9510165492082',0),(168,'Anam Mcosana ','9508200863085',0),(169,'Bongile Nxingweni','072-508-8303',0),(170,'Lucia Xabanisa','071-099-0315',0),(171,'Mike Thembo','073-058-9851',0),(172,'Neliswa Sam','072-576-5751',0),(173,'Ntsika Mhlauli','NULL',0),(174,'Shepherd Mutendera','071-834-7244',0),(175,'Donovan Jacobs','079-186-4864',0),(176,'Thuliswa Sokhiya','073-413-6124',0),(177,'Loretta Fenner','8203150283085',0),(178,'Ronewa Konanani','9501265289080',0),(179,'Cornel Mcboneswa','8305105103084',0),(180,'Nodumo Qokoqa','8810101247082',0),(181,'Sibusiso Mko','9008215896089',0),(182,'Andisiwe Nzimankulu','9110190080083',0),(183,'Lizeka Futshane','8512301162083',0),(184,'Rachel Bakana','8112270704088',0),(185,'Bulelwa Pungu','8804031174086',0),(186,'Lubabalo Saki','9310205704087',0),(187,'Prince Sentile','9103035544082',0),(188,'Antony Sibani','8305235576084',0),(189,'Nombuso Mbewana','8309091198082',0),(190,'Rufus Mtimkulu','8205145483084',0),(191,'Noloyiso Rosi','NULL',0),(192,'Alberdina Phyffer','9009210062081',0),(193,'Melikhaya Bambelo','860117543308',0),(194,'Nocwaka Mpalisa','8705070466087',0),(195,'Mahlubi Nota','9508225620087',0),(196,'Nokuthula Manzana','9506290878088',0),(197,'Ayanda Mngcwengi','8706220857084',0),(198,'Lerato Tasana','9212070428083',0),(199,'Lihle Mbhelebhele','9401235948081',0),(200,'Habeeb Hoosain','9510065234089',0),(201,'Wanga Mafenuka','8701155415081',0),(202,'Luxolo Vena','9005095291084',0),(203,'Nkululeko Dakuse','8508155753084',0),(204,'Yandiswa Zanazo','8406080964084',0),(205,'Lelethu Toni ','9206155421088',0),(206,'Asanda Tingatinga','9005040946089',0),(207,'Malewatle Lemena','NULL',0),(208,'Mlindeli Dyasophi','9401175945089',0),(209,'Andiswa Fadana','8206190540083',0),(210,'Suzanne Daniels','9801140126088',0),(211,'Mandisa Aaron','8709271024083',0),(212,'Nonela Songca','9112090915087',0),(213,'Portia Masalaza','8410020272087',0),(214,'Lindiwe Nkewu','8310290694087',0),(215,'Sisanda Maduna','9409141081087',0),(216,'Nosipho Buzani','9205040989085',0),(217,'Babalwa Skey ','8707011374081',0),(218,'Vuyokazi Stafane','8909201048089',0),(219,'Sahluko Ngudle','8912065475087',0),(220,'Siyanda Masumpa','9311116234081',0),(221,'Andiswa Stafane','8410140993083',0),(222,'Sinazo Mbali','90022814081',0),(223,'Bongiwe Gaji','9107060381088',0),(224,'Baatile Maloke','9302100451088',0),(225,'Fikiswa Nzukuma','8903011050082',0),(226,'Sphumelele Siqola','9110055672081',0),(227,'Lindiwe Nondlwana','8912121233082',0),(228,'Melisizwe Nyamza','9004120102089',0),(229,'Gcobisa Mayekiso ','7909080787083',0),(230,'Zimkhitha Zanekane','8812130339088',0),(231,'Moab Mdleleni','8911055970081',1),(232,'Xoliswa Notyhanga','8906080887086',0),(233,'Asanda Mekeni','8710050808084',0),(234,'Thulisa Mkunqwana','NULL',0),(235,'Pontsho Uwagboe','8706020523084',0),(236,'Bandile Zide','9109135427086',0),(237,'Thembelani Gcememe','9009215268089',0),(238,'Vuyisa Ndabeni','NULL',0),(239,'Nokwanda Mbatha','9201120674085',0),(240,'Sibongile Ntshikilana','7612300777088',0),(241,'Nolusindiso Mili','8507210316085',0),(242,'Kyle Pangle','9409185133083',0),(243,'Dolly King','8508190989081',0),(244,'Tlalane Maloke','NULL',0),(245,'Sakhekile Sajini','9301165641088',0),(246,'Onele Xatalaza','NULL',0),(247,'Siyabonga Mbundu','NULL',0),(248,'Siphosethu Balasana','9111160421083',0),(249,'Sweetness Femela','9107010169088',0),(250,'Khululwa Mini','8706301234088',0),(251,'Lunga Boli ','8712096875086',0),(252,'Babalwa Jaji','8904031114080',0),(253,'Nomxolisi Nti','92061613064082',0),(254,'Vuyo Mahlaba','NULL',0),(255,'Zukile Khalipha','NULL',0),(256,'Andiswa Tshandu','9201031084085',0),(257,'Lubabalo Jonas','8808095503080',0),(258,'Siviwe Jaxa','9204015730087',0),(259,'Sisanda Mxonywa','9101171234088',0),(260,'Monica Busisiwe Simaliye','NULL',0),(261,'Miyelani Mathebula','8906185845088',0),(262,'Malusi Dudumashe','NULL',0),(263,'Nozuko Sipayire','9008101135089',0),(264,'Xolile Magadla','8904095755083',0),(265,'Lunga Zweni','8712096875086',0),(266,'Nandipha Kolobile','NULL',0),(267,'Thandeka Lavisa','NULL',0),(268,'Michael Afrika','NULL',0),(269,'Andile Ronoti','NULL',0),(270,'Khululani Jobo','8610170263089',0),(271,'Mbuzeli Manjathi','7910165406086',0),(272,'Nonceba Kotswana','NULL',0),(273,'Zanele Nkonki','NULL',0),(274,'Zoliswa Tshomela','NULL',0),(275,'Lindiwe Meyi','NULL',0),(276,'Kanyiswa Kolobile','NULL',1),(277,'Nceba Nyoka','NULL',0),(278,'Nicolene Damons','NULL',0),(279,'Mio Chitsvuka','NULL',0),(280,'Nina Christians','NULL',0),(281,'Nashiefah Damon ','NULL',0),(282,'Robynne Van Reenen','NULL',0),(283,'Chandré Magerrman','NULL',0),(284,'Francilene Davids','NULL',0),(285,'Nyarai Nyabadza','NULL',1),(286,'Mogamet Jacobs','NULL',0),(287,'Aidebell Van Niekerk','NULL',0),(288,'Thobani Sokani','8406305847080',0),(289,'Linda Qavane','NULL',0),(290,'Masixole Manzana','NULL',0),(291,'Thabo Khonziswa','8902076171080',0),(292,'Lubabalo Masekemla','8907135552089',0),(293,'Anele Ngqeku','8406285853082',0),(294,'Thandokazi Mathimba','8606030641084',0),(295,'Abongile Ngubenkomo','9012310649088',0),(296,'Verna Bell ','NULL',0),(297,'Rolene Swartz ','NULL',0),(298,'Sonwabile Mungeka','8903225858080',1),(299,'Mzwamadoda Gqobo','8703285257086',0),(300,'Selby Sikoti','8109230586084',0),(301,'Shamiela Harribi ','7406010134080',0),(302,'Nathan Fredericks ','NULL',0),(303,'Chadley Engle','9305115234084',0),(304,'Fundiswa Nxiba','8801120855088',0),(305,'Nosipho Mbidiyani','NULL',0),(306,'Ncedile Vusani ','8709276722087',0),(307,'Thabang Ramokhabi','8003036778084',0),(308,'Lindy Mangaliso','8812080657083',0),(309,'Natashia Grootboom','8810020046086',0),(310,'Melissa Harry','9004120372084',0),(311,'Thembakazi Dliwani ','9009120916087',0),(312,'Kholeka Besani ','8003100978085',0),(313,'Mashudu Mamuthamani ','8505201003084',0),(314,'Ndibulele Hloboni ','7605165232082',0),(315,'Yanga Songca ','9210010987085',0),(316,'Mzolisi Ratego ','9006185645080',0),(317,'Candice Constable ','NULL',0),(318,'Demetri Dollie ','NULL',0),(319,'Marco Thornton ','NULL',0),(320,'Muneeb Fortune ','8902155256083',0),(321,'Nathi Nyila ','9201225720080',0),(322,'Simthembile Xhala ','8908096058082',0),(323,'Lukhanyiso Kumalo','8905135493080',0),(324,'Nangamso Ntshutsha ','7903235786082',0),(325,'Olwethu Mtyobile ','9203101325080',0),(326,'Thandokazi Mene-Mene ','8604100254086',0),(327,'Sive Quntu ','NULL',0),(328,'Linda Gwe ','8604210985082',0),(329,'Unathi Zicina ','9009021316080',0),(330,'Dumisani Bonte ','8505175409085',0),(331,'Viwe Masumpa ','9310106512084',0),(332,'Mzimasi Mxabo ','8907295463085',0),(333,'Grace Botha ','9404180184082',0),(334,'Abbas Louw ','8312105290085',0),(335,'Yoliswa Stefans ','830321101029087',0),(336,'Siyavuya Makafi ','8803015587081',0),(337,'Ncumisa Mene-Mene ','8112070110087',0),(338,'Bongani Mbune','8710106128081',0),(339,'Zanele Mdokwana','8806170751087',0),(340,'Noluthando Sweetness Fana','8002140922087',0),(341,'Zolani Saki','8908026093084',0),(342,'Khanyisa Makafi','8902165566083',0),(343,'Nicole Theunissen','9006250132089',0),(344,'Nkosikho Mrawuli','8912126313087',0),(345,'Nozuko Dike','8912091105088',0),(346,'Jane Gqozo','7707080500088',0),(347,'Khungiswa Mini','9008270323086',0),(348,'Palesa Ramokhabi','9110250297080',0),(349,'Siziwe Thoti','880214142083',0),(350,'Ayandisa Lindi','851120365083',1),(351,'Luxolo Dweba ','NULL',1),(352,'Tammy-Lee Bird ','9301100129082',0),(353,'Unathi Tombela ','8309236615081',0),(354,'Wiseman Mili ','7708215655086',0),(355,'Cheryl Nolusindiso Rosi ','8702230586086',0),(356,'Godfrey Gonya ','NULL',0),(357,'Thandolwethu Pungulwa ','9110235318084',0),(358,'Rimeesh Abdeen ','9308285197081',0),(359,'Nomvula Elizabeth Chiliwe ','9009110517085',0),(360,'Thembalethu Nomandi','8804245360083',0),(361,'Akhona Potwana ','8708250247087',0);
/*!40000 ALTER TABLE `student` ENABLE KEYS */;
UNLOCK TABLES;

--
-- Table structure for table `student_info`
--

DROP TABLE IF EXISTS `student_info`;
/*!40101 SET @saved_cs_client     = @@character_set_client */;
/*!40101 SET character_set_client = utf8 */;
CREATE TABLE `student_info` (
  `student_id` int(11) DEFAULT NULL,
  `class_no` int(11) DEFAULT NULL,
  `grad_or_student` varchar(10) DEFAULT NULL,
  `year` int(11) DEFAULT NULL,
  `dropout` tinyint(1) DEFAULT NULL,
  `id` int(11) NOT NULL AUTO_INCREMENT,
  PRIMARY KEY (`id`),
  KEY `par_ind` (`student_id`),
  CONSTRAINT `fk_studentinfo` FOREIGN KEY (`student_id`) REFERENCES `student` (`student_id`) ON DELETE CASCADE ON UPDATE NO ACTION
) ENGINE=InnoDB AUTO_INCREMENT=376 DEFAULT CHARSET=latin1;
/*!40101 SET character_set_client = @saved_cs_client */;

--
-- Dumping data for table `student_info`
--

LOCK TABLES `student_info` WRITE;
/*!40000 ALTER TABLE `student_info` DISABLE KEYS */;
INSERT INTO `student_info` VALUES (1,22,'grad',2017,0,1),(2,22,'grad',2017,0,2),(3,22,'grad',2017,0,3),(4,22,'grad',2017,0,4),(5,22,'grad',2017,0,5),(6,22,'grad',2017,0,6),(7,22,'grad',2017,0,7),(8,22,'grad',2017,0,8),(9,22,'grad',2017,0,9),(10,22,'grad',2017,0,10),(11,22,'grad',2017,0,11),(12,22,'grad',2017,0,12),(13,22,'grad',2017,0,13),(14,22,'grad',2017,0,14),(15,22,'grad',2017,0,15),(16,22,'grad',2017,0,16),(17,22,'grad',2017,0,17),(18,22,'grad',2017,0,18),(20,22,'dropout',2017,1,19),(19,22,'grad',2017,0,20),(21,23,'grad',2017,0,21),(22,23,'grad',2017,0,22),(23,23,'grad',2017,0,23),(24,23,'grad',2017,0,24),(25,23,'grad',2017,0,25),(26,23,'grad',2017,0,26),(27,23,'grad',2017,0,27),(28,23,'grad',2017,0,28),(29,23,'grad',2017,0,29),(30,23,'grad',2017,0,30),(31,23,'grad',2017,0,31),(32,23,'grad',2017,0,32),(33,23,'grad',2017,0,33),(34,23,'grad',2017,0,34),(35,24,'grad',2017,0,35),(36,24,'grad',2017,0,36),(37,24,'grad',2017,0,37),(38,24,'grad',2017,0,38),(39,24,'grad',2017,0,39),(40,24,'grad',2017,0,40),(41,24,'grad',2017,0,41),(42,24,'grad',2017,0,43),(44,24,'grad',2017,0,44),(45,24,'grad',2017,0,45),(46,24,'grad',2017,0,46),(47,24,'grad',2017,0,47),(48,24,'grad',2017,0,48),(49,24,'grad',2017,0,49),(50,24,'grad',2017,0,50),(51,24,'grad',2017,0,51),(52,24,'grad',2017,0,52),(53,24,'grad',2017,1,53),(54,24,'grad',2017,0,54),(55,24,'grad',2017,1,55),(56,25,'student',2017,0,56),(57,25,'student',2017,0,57),(58,25,'student',2017,0,58),(59,25,'student',2017,0,59),(60,25,'student',2017,0,60),(61,25,'student',2017,0,61),(62,25,'student',2017,0,62),(63,25,'student',2017,0,63),(64,25,'student',2017,0,64),(65,25,'student',2017,0,65),(66,25,'student',2017,0,66),(67,25,'student',2017,0,67),(68,25,'student',2017,0,68),(69,25,'student',2017,0,69),(70,25,'student',2017,0,70),(71,25,'student',2017,0,71),(72,25,'student',2017,0,72),(73,25,'student',2017,0,73),(74,25,'student',2017,0,74),(75,25,'student',2017,0,75),(76,25,'student',2017,0,76),(77,25,'student',2017,0,77),(78,19,'grad',2016,0,78),(79,19,'grad',2016,0,79),(80,19,'grad',2016,0,80),(81,19,'dropout',2016,1,81),(82,19,'dropout',2016,1,82),(83,19,'dropout',2016,1,83),(84,19,'dropout',2016,1,84),(85,19,'grad',2016,0,85),(86,19,'grad',2016,0,86),(87,19,'grad',2016,0,87),(88,19,'grad',2016,0,88),(89,19,'grad',2016,0,89),(90,19,'grad',2016,0,90),(91,19,'grad',2016,0,91),(92,19,'grad',2016,0,92),(93,19,'grad',2016,0,93),(94,19,'grad',2016,0,94),(95,20,'grad',2016,0,95),(96,20,'dropout',2016,1,96),(97,20,'dropout',2016,1,97),(98,20,'grad',2016,0,98),(99,20,'grad',2016,0,99),(100,20,'grad',2016,0,100),(101,20,'grad',2016,0,101),(102,20,'grad',2016,0,102),(103,20,'grad',2016,0,103),(104,20,'grad',2016,0,104),(105,20,'grad',2016,0,105),(106,20,'grad',2016,0,106),(107,20,'grad',2016,0,107),(122,21,'grad',2016,0,122),(108,21,'grad',2016,0,123),(109,21,'grad',2016,0,124),(110,21,'grad',2016,0,125),(111,21,'grad',2016,0,126),(112,21,'dropout',2016,1,127),(113,21,'grad',2016,0,128),(114,21,'grad',2016,0,129),(115,21,'grad',2016,0,130),(116,21,'grad',2016,0,131),(117,21,'grad',2016,0,132),(118,21,'grad',2016,0,133),(119,21,'grad',2016,0,134),(120,21,'grad',2016,0,135),(121,21,'grad',2016,0,136),(123,16,'grad',2015,0,138),(124,16,'grad',2015,0,139),(125,16,'grad',2015,0,140),(126,16,'dropout',2015,1,141),(127,16,'grad',2015,0,142),(128,16,'grad',2015,0,143),(129,16,'grad',2015,0,144),(130,16,'grad',2015,0,145),(131,16,'grad',2015,0,146),(132,16,'grad',2015,0,147),(133,16,'grad',2015,0,148),(134,16,'grad',2015,0,149),(135,16,'grad',2015,0,150),(136,16,'grad',2015,0,151),(137,17,'grad',2015,0,152),(138,17,'grad',2015,0,153),(139,17,'grad',2015,0,154),(140,17,'dropout',2015,1,155),(141,17,'dropout',2015,1,156),(143,17,'grad',2015,0,157),(144,17,'grad',2015,0,158),(145,17,'grad',2015,0,159),(146,17,'grad',2015,0,160),(147,17,'grad',2015,0,161),(148,17,'grad',2015,0,162),(149,17,'grad',2015,0,163),(150,17,'grad',2015,0,164),(151,17,'grad',2015,0,165),(152,17,'grad',2015,0,166),(153,18,'grad',2015,0,167),(154,18,'grad',2015,0,168),(155,18,'grad',2015,0,169),(156,18,'grad',2015,0,170),(157,18,'grad',2015,0,171),(158,18,'dropout',2015,1,172),(159,18,'grad',2015,0,173),(160,18,'grad',2015,0,174),(161,18,'grad',2015,0,175),(162,18,'grad',2015,0,176),(163,18,'grad',2015,0,177),(164,18,'grad',2015,0,178),(165,18,'grad',2015,0,179),(166,18,'grad',2015,0,180),(167,18,'grad',2015,0,181),(168,18,'grad',2015,0,182),(169,1,'grad',2009,0,183),(170,1,'grad',2009,0,184),(171,1,'grad',2009,0,185),(172,1,'grad',2009,0,186),(173,1,'grad',2009,0,187),(174,1,'grad',2009,0,188),(175,1,'grad',2009,0,189),(176,1,'grad',2009,0,190),(177,13,'grad',2014,0,191),(178,13,'grad',2014,0,192),(179,13,'grad',2014,0,193),(180,13,'grad',2014,0,194),(181,13,'grad',2014,0,195),(182,13,'grad',2014,0,196),(183,13,'grad',2014,0,197),(184,13,'grad',2014,0,198),(185,13,'grad',2014,0,199),(186,13,'grad',2014,0,200),(187,13,'grad',2014,0,201),(188,13,'grad',2014,0,202),(189,14,'grad',2014,0,203),(190,14,'grad',2014,0,204),(191,14,'dropout',2014,1,205),(192,14,'grad',2014,0,206),(193,14,'grad',2014,0,207),(194,14,'grad',2014,0,208),(195,14,'grad',2014,0,209),(196,14,'grad',2014,0,210),(197,14,'grad',2014,0,211),(198,14,'grad',2014,0,212),(199,14,'grad',2014,0,213),(200,14,'grad',2014,0,214),(201,15,'grad',2014,0,215),(202,15,'grad',2014,0,216),(203,15,'grad',2014,0,217),(204,15,'grad',2014,0,218),(205,15,'grad',2014,0,219),(206,15,'grad',2014,0,220),(207,15,'dropout',2014,1,221),(208,15,'grad',2014,0,222),(209,15,'grad',2014,0,223),(210,15,'grad',2014,0,224),(211,15,'grad',2014,0,225),(212,15,'grad',2014,0,226),(213,15,'grad',2014,0,227),(214,15,'grad',2014,0,228),(215,15,'grad',2014,0,229),(216,15,'grad',2014,0,230),(217,15,'grad',2014,0,231),(218,10,'grad',2013,0,232),(219,10,'grad',2013,0,233),(220,10,'grad',2013,0,234),(231,10,'grad',2013,0,235),(221,10,'grad',2013,0,236),(222,10,'grad',2013,0,237),(223,10,'grad',2013,0,238),(224,10,'grad',2013,0,239),(225,10,'grad',2013,0,240),(226,10,'grad',2013,0,241),(227,10,'grad',2013,0,242),(228,10,'grad',2013,0,243),(229,10,'grad',2013,0,244),(230,10,'grad',2013,0,245),(232,11,'grad',2013,0,246),(233,11,'grad',2013,0,247),(234,11,'grad',2013,0,248),(235,11,'grad',2013,0,249),(236,11,'grad',2013,0,250),(237,11,'grad',2013,0,251),(238,11,'grad',2013,0,252),(239,11,'grad',2013,0,253),(240,11,'grad',2013,0,254),(241,11,'grad',2013,0,255),(242,11,'grad',2013,0,256),(243,11,'grad',2013,0,257),(244,11,'grad',2013,0,258),(245,11,'grad',2013,0,259),(246,11,'grad',2013,0,260),(247,11,'grad',2013,0,261),(248,12,'grad',2013,0,262),(249,12,'grad',2013,0,263),(250,12,'grad',2013,0,264),(251,12,'grad',2013,0,265),(252,12,'grad',2013,0,266),(253,12,'grad',2013,0,267),(254,12,'grad',2013,0,268),(255,12,'dropout',2013,1,269),(256,12,'grad',2013,0,270),(257,12,'grad',2013,0,271),(258,12,'grad',2013,0,272),(259,12,'grad',2013,0,273),(260,12,'grad',2013,0,274),(261,12,'grad',2013,0,275),(262,12,'grad',2013,0,276),(263,12,'grad',2013,0,277),(264,12,'grad',2013,0,278),(265,12,'grad',2013,0,279),(276,2,'grad',2010,0,280),(266,2,'grad',2010,0,281),(267,2,'grad',2010,0,282),(268,2,'grad',2010,0,283),(269,2,'grad',2010,0,284),(270,2,'grad',2010,0,285),(271,2,'grad',2010,0,286),(272,2,'grad',2010,0,287),(273,2,'grad',2010,0,288),(274,2,'grad',2010,0,289),(275,2,'grad',2010,0,290),(277,3,'grad',2010,0,291),(278,3,'grad',2010,0,292),(285,3,'grad',2010,0,293),(279,3,'grad',2010,0,294),(280,3,'grad',2010,0,295),(281,3,'dropout',2010,1,296),(282,3,'dropout',2010,1,297),(283,3,'dropout',2010,1,298),(284,3,'dropout',2010,1,299),(286,11,'grad',2011,0,300),(289,11,'grad',2011,0,301),(298,11,'grad',2011,0,302),(287,11,'grad',2011,0,303),(290,11,'grad',2011,0,305),(291,11,'grad',2011,0,306),(292,11,'grad',2011,0,307),(293,11,'grad',2011,0,308),(294,11,'grad',2011,0,309),(295,11,'grad',2011,0,310),(296,11,'grad',2011,0,311),(297,11,'grad',2011,0,312),(299,5,'grad',2011,0,313),(300,5,'grad',2011,0,314),(301,5,'grad',2011,0,315),(302,5,'grad',2011,0,316),(303,5,'grad',2011,0,317),(304,5,'grad',2011,0,318),(305,5,'grad',2011,0,319),(306,5,'grad',2011,0,320),(307,5,'grad',2011,0,321),(308,5,'grad',2011,0,322),(309,5,'grad',2011,0,323),(310,5,'grad',2011,0,324),(311,6,'grad',2011,0,325),(312,6,'grad',2011,0,326),(313,6,'grad',2011,0,327),(314,6,'grad',2011,0,328),(315,6,'grad',2011,0,329),(316,6,'grad',2011,0,330),(317,6,'grad',2011,0,331),(318,6,'grad',2011,0,332),(319,6,'grad',2011,0,333),(320,6,'grad',2011,0,334),(321,6,'grad',2011,0,335),(322,9,'grad',2012,0,336),(323,9,'grad',2012,0,337),(324,9,'grad',2012,0,338),(325,9,'grad',2012,0,339),(326,9,'grad',2012,0,340),(327,9,'dropout',2012,1,341),(328,9,'grad',2012,0,342),(329,9,'grad',2012,0,343),(330,9,'grad',2012,0,344),(331,9,'grad',2012,0,345),(332,9,'grad',2012,0,346),(333,9,'grad',2012,0,347),(334,9,'grad',2012,0,348),(335,9,'grad',2012,0,349),(336,9,'grad',2012,0,350),(337,9,'grad',2012,0,351),(338,8,'grad',2012,0,352),(339,8,'grad',2012,0,353),(340,8,'grad',2012,0,354),(341,8,'grad',2012,0,355),(342,8,'grad',2012,0,356),(343,8,'grad',2012,0,357),(344,8,'grad',2012,0,358),(345,8,'grad',2012,0,359),(346,8,'grad',2012,0,360),(347,8,'grad',2012,0,361),(348,8,'grad',2012,0,362),(349,7,'grad',2012,0,363),(350,7,'grad',2012,0,364),(351,7,'grad',2012,0,365),(352,7,'grad',2012,0,366),(353,7,'grad',2012,0,367),(354,7,'grad',2012,0,368),(355,7,'grad',2012,0,369),(356,7,'grad',2012,0,370),(357,7,'grad',2012,0,371),(358,7,'grad',2012,0,372),(359,7,'grad',2012,0,373),(360,7,'grad',2012,0,374),(361,7,'grad',2012,0,375);
/*!40000 ALTER TABLE `student_info` ENABLE KEYS */;
UNLOCK TABLES;

--
-- Table structure for table `weekend_placement`
--

DROP TABLE IF EXISTS `weekend_placement`;
/*!40101 SET @saved_cs_client     = @@character_set_client */;
/*!40101 SET character_set_client = utf8 */;
CREATE TABLE `weekend_placement` (
  `student_id` int(11) DEFAULT NULL,
  `placement` varchar(100) DEFAULT NULL,
  `id` int(11) NOT NULL AUTO_INCREMENT,
  PRIMARY KEY (`id`),
  KEY `par_ind` (`student_id`),
  CONSTRAINT `fk_weekend` FOREIGN KEY (`student_id`) REFERENCES `student` (`student_id`) ON DELETE CASCADE ON UPDATE NO ACTION
) ENGINE=InnoDB AUTO_INCREMENT=326 DEFAULT CHARSET=latin1;
/*!40101 SET character_set_client = @saved_cs_client */;

--
-- Dumping data for table `weekend_placement`
--

LOCK TABLES `weekend_placement` WRITE;
/*!40000 ALTER TABLE `weekend_placement` DISABLE KEYS */;
INSERT INTO `weekend_placement` VALUES (1,'Vineyard',1),(2,'WW Cavendish ',2),(3,'WW Cavendish ',3),(4,'Ellerman House ',4),(5,'Crystal Towers ',5),(6,'Ellerman House ',6),(7,'WW Waterstone ',7),(8,'WW V&A',8),(9,'Vineyard',9),(10,'WW Seapoint ',10),(11,'Vineyard',11),(12,'Crystal Towers ',12),(13,'Vineyard',13),(14,'WW/Bootlegger ',14),(15,'Vineyard',15),(16,'WW/Crystal Towers ',16),(17,'WW Seapoint ',17),(18,'WW Somerset Mall ',18),(19,'Aubergine ',19),(20,'WW V&A',20),(35,'Vineyard Hotel',21),(36,'One and Only Hotel',22),(37,'One and Only Hotel',23),(38,'Fire and Ice Hotel',24),(39,'Fire and Ice Hotel',25),(40,'The Stack',26),(41,'Westin',27),(41,'Vineyard Hotel',28),(42,'15 on Orange',29),(44,'Shortmarket Club',30),(45,'Vineyard Hotel',31),(46,'One and Only Hotel',32),(47,'One and Only Hotel',33),(48,'Westin',34),(49,'The Potluck Club',35),(50,'15 on Orange',36),(51,'Aubergine',37),(52,'The Test Kitchen ',38),(53,'Vineyard Hotel',39),(54,'Ellermanhouse',40),(55,'Vineyard Hotel',41),(56,'Primi Piatti V&A',42),(57,'Primi Piatti V&A',43),(58,'Vineyard Hotel ',44),(59,'WW Waterstone',45),(60,'Westin ',46),(61,'Vineyard Hotel ',47),(62,'Reverie Social Table',48),(63,'WW Waterstone',49),(64,'Vineyard Hotel ',50),(65,'WW V&A ',51),(66,'Primi Piatti V&A',52),(67,'Vineyard Hotel ',53),(68,'One & Only ',54),(69,'Primi Piatti V&A',55),(70,'Double Tree by Hilton ',56),(71,'One & Only ',57),(72,'Braai Café ',58),(73,'Primi Piatti V&A',59),(74,'One & Only ',60),(75,'WW Canal Walk ',61),(76,'Double Tree by Hilton ',62),(77,'One & Only ',63),(78,'Jonkershuis',64),(79,'Vineyard Hotel',65),(80,'Sticky BBQ',66),(85,'Woolworths (Tygervalley)',71),(86,'Woolworths (V&A)',72),(87,'Woolworths (V&A)',73),(88,'Woolworths (Tygervalley)',74),(89,'Protea (Durbanville)',75),(87,'Woolworths (V&A)',85),(89,'Protea (Durbanville)',87),(90,'Woolworths (Constantia Village)',88),(91,'Seelan',89),(92,'Carne (Kloof)',90),(93,'Protea Durbanville',91),(94,'Aubergine',92),(95,'Vineyard',93),(98,'The Brasserie',94),(99,'Fraiche Ayres',95),(100,'Crystal Towers',96),(101,'The Green Group',97),(102,'Aubergine',98),(103,'Woolworths',99),(104,'Woolworths',100),(105,'Crystal Towers',101),(106,'Knead Wembley',102),(107,'Knead Wembley',103),(108,'WW Sea Point ',104),(109,'Crystal Towers',105),(110,'Fraiche Ayres ',106),(111,'WW Cavendish ',107),(113,'Vineyard Hotel ',108),(114,'Aubegine ',109),(115,'Fraiche Ayres',110),(116,'Crystal Towers',111),(117,'Canal Walk',112),(118,'WW V&A',113),(119,'Ellerman House',114),(120,'WW V&A',115),(121,'Ellerman House',116),(122,'Birds on Bree',117),(123,'Vineyard Hotel',118),(124,'Die Damhuis',119),(125,'Crystal Towers',120),(127,'Aubergine',121),(128,'Die Damhuis',122),(129,'Crystal Towers',123),(130,'Societi Bistro',124),(131,'Jonkershuis',125),(132,'Knead (Muizenberg)',126),(133,'Franky’s Diner',127),(134,'Crystal Towers',128),(135,'Bootlegger Café',129),(136,'Knead (Muizenberg)',130),(137,'Protea Hotel (Durbanville)',131),(138,'Woolworths (Cavendish)',132),(139,'Woolworths (Canal Walk)',133),(143,'Woolworths (V&A)',134),(144,'Woolworths (Canal Walk)',135),(145,'Knead Wembley',136),(146,'Woolworths (Somerset Mall)',137),(147,'Woolworths (Somerset Mall)',138),(148,'Crystal Towers',139),(149,'Woolworths (Constantia)',140),(150,'Woolworths (Tygervalley)',141),(151,'Woolworths (Tygervalley)',142),(152,'Woolworths (Constantia)',143),(153,'Torador',144),(154,'Protea North Wharf',145),(155,'Atlantic Imbizo',146),(156,'Jarryds',147),(157,'Jonkershuis',148),(159,'Societi Bistro',149),(160,'Aubergine',150),(161,'Protea Durbanville',151),(162,'Societi Bistro',152),(163,'Crystal Towers',153),(164,'Woolworths Canal Walk',154),(165,'Crystal Towers',155),(166,'Woolworths Tygervalley',156),(167,'Woolworths Willowbridge',157),(168,'Woolworths Willowbridge',158),(171,'Hudson’s',159),(174,'Blues',160),(175,'Blues',161),(177,'Blowfish',162),(178,'Simons (Groot Constantia)',163),(179,'Knead',164),(180,'Simons (Groot Constantia)',165),(181,'The Brasserie',166),(182,'Blowfish',167),(183,'Jonkershuis',168),(184,'Beerhouse',169),(185,'Scuzi on Dean',170),(186,'Beerhouse ',171),(187,'La Mouette',172),(188,'Jonkerhuis',173),(189,'Vineyard Hotel',174),(190,'Knead (Sea Point)',175),(192,'Knead (Wembley Square)',176),(193,'Knead (Palmyra)',177),(194,'Knead (Sea Point)',178),(195,'Vineyard Hotel',179),(196,'Knead (Kloof Street)',180),(197,'Societi Bistro',181),(198,'Vineyard Hotel',182),(199,'Vineyard Hotel',183),(200,'Jonkershuis',184),(201,'Knead (Wembley)',185),(202,'Knead (Sea Point)',186),(203,'Franky’s Diner',187),(204,'Crystal Towers',188),(205,'Crystal Towers',189),(206,'Vineyard Hotel',190),(208,'Vineyard Hotel',191),(209,'Vineyard Hotel',192),(210,'Vineyard Hotel',193),(211,'Knead (Wembley)',194),(212,'Knead (Muizenberg) ',195),(213,'Knead (Muizenberg) ',196),(214,'Societi Bistro',197),(215,'Knead (Sea Point)',198),(216,'Knead (Palmyra)',199),(217,'Jonkerhuis',200),(228,'Blowfish',201),(229,'Blowfish',202),(230,'The Cousins',203),(218,'Bardelli’s (Kloof Street)',204),(219,'Monk\'s',205),(220,'Blowfish',206),(231,'Monk’s Chinese Take-Away',207),(232,'Blowfish ',208),(233,'Bardelli’s (Kenilworth)',209),(234,'Beerhouse',210),(235,'Bardelli’s (Kloof Street)',211),(236,'&Union',212),(237,'CTH',213),(238,'&Union',214),(239,'Moyo V&A',215),(240,'Blowfish',216),(241,'Bardelli’s (Kloof Street)',217),(242,'Savoy Cabbage',218),(243,'HOTS/CTH',219),(244,'Bardelli’s (Kenilworth)',220),(245,'Beerhouse',221),(246,'Beerhouse',222),(247,'HOTS',223),(248,'Beerhouse',224),(249,'SAMTRA',225),(250,'Giovanni’s',226),(251,'SAMTRA',227),(252,'HOTS/CTH',228),(253,'HOTS/CTH',229),(254,'&Union',230),(256,'Ou Meul Bakery',231),(257,'La Mouette',232),(258,'La Mouette',233),(259,'La Mouette',234),(260,'Eurohaus',235),(261,'La Boheme ',236),(262,'La Boheme ',237),(263,'HOTS',238),(264,'SAMTRA',239),(265,'SAMTRA',240),(267,'Café Mozart ',241),(268,'Bayside Café ',242),(269,'Kuzina',243),(270,'Kuzina ',244),(271,'CTH',245),(272,'Gold Restaurant ',246),(273,'Gold Restaurant ',247),(274,'Bayside Café ',248),(275,'Bayside Café ',249),(276,'Bayside Café ',250),(277,'Carne',251),(278,'Bayside Café',252),(285,'Bayside Café',253),(279,'Leisure Bay Hotel',254),(286,'Azura',255),(289,'95 Keerom',256),(298,'Caffe Milano',257),(287,'Willoughby’s',258),(289,'HOTS/CTH',259),(290,'Obz Café ',260),(291,'HOTS/CTH',261),(292,'Fryer’s',262),(293,'Willoughby’s',263),(294,'Azura',264),(295,'The Grand',265),(296,'SACA',266),(297,'HOTS/CTH',267),(299,'Hudsons',268),(300,'SACA',269),(301,'HOTS/CTH',270),(302,'95 Keerom',271),(303,'Capetonian Hotel',272),(304,'K-Line',273),(305,'Mozzarella Bar',274),(306,'Fryer’s',275),(307,'Café Caprice',276),(308,'Capetonian Hotel',277),(309,'Fryer’s',278),(310,'CTH',279),(312,'Slainte',280),(313,'Carne',281),(314,'Down South ',282),(315,'Caffe Milano',283),(316,'Moyo Blouberg',284),(317,'HOTS/CTH',285),(321,'Moyo Blouberg',286),(322,'&Union',287),(323,'Savoy Cabbage',288),(324,'Roundhouse',289),(325,'Wakame',290),(326,'moyo Stellenbosch ',291),(328,'Savoy Cabbage',292),(329,'Charley’s Bakery',293),(330,'moyo Stellenbosch',294),(331,'moyo Big Bay ',295),(332,'Voila',296),(333,'Wakame',297),(334,'&Union ',298),(335,'moyo Big Bay',299),(336,'moyo Stellenbosch',300),(337,'moyo Kirstenbosch',301),(338,'moyo Kirstenbosch',302),(339,'moyo Kirstenbosch',303),(340,'moyo Kirstenbosch',304),(341,'moyo Kirstenbosch',305),(342,'moyo Kirstenbosch',306),(343,'La Mouette (Henry Vigar)',307),(344,'moyo Kirstenbosch',308),(345,'Il Cappero',309),(346,'moyo Stellenbosch',310),(347,'moyo Kirstenbosch',311),(348,'moyo Kirstenbosch',312),(349,'HOTS/CTH ',313),(350,'Moyo',314),(351,'Roundhouse ',315),(352,'HOTS/CTH',316),(353,'Moyo',317),(354,'moyo',318),(355,'Wings in Flight ',319),(356,'Wings In Flight ',320),(357,'Wings In Flight ',321),(358,'Roundhouse ',322),(359,'HOTS/CTH ',323),(360,'Manna Epicure (5 days), Spar Cape Quarter (2 months)',324),(361,'95 Keerom',325);
/*!40000 ALTER TABLE `weekend_placement` ENABLE KEYS */;
UNLOCK TABLES;
/*!40103 SET TIME_ZONE=@OLD_TIME_ZONE */;

/*!40101 SET SQL_MODE=@OLD_SQL_MODE */;
/*!40014 SET FOREIGN_KEY_CHECKS=@OLD_FOREIGN_KEY_CHECKS */;
/*!40014 SET UNIQUE_CHECKS=@OLD_UNIQUE_CHECKS */;
/*!40101 SET CHARACTER_SET_CLIENT=@OLD_CHARACTER_SET_CLIENT */;
/*!40101 SET CHARACTER_SET_RESULTS=@OLD_CHARACTER_SET_RESULTS */;
/*!40101 SET COLLATION_CONNECTION=@OLD_COLLATION_CONNECTION */;
/*!40111 SET SQL_NOTES=@OLD_SQL_NOTES */;

-- Dump completed on 2017-09-12 13:19:20
